dHmix,Elect.Diff,VEC,Phase
-8.395061728,0.049615808,4.555555556,BCC
-9.351800554,0.232764906,4.684210526,BCC
-4.041522491,0.243216622,4.882352941,BCC
-4.816608997,0.05017616,4.647058824,BCC
-3.35600907,0.244332586,4.904761905,BCC
-4.86,0.11,4.34,BCC
-4.86,0.11,4.34,BCC
-4.86,0.11,4.34,BCC
-10.96,0.046861498,4.6,BCC
-7.012345679,0.237834884,4.777777778,BCC
-8.015122873,0.235770867,4.739130435,BCC
-13.81818182,0.219190849,4.454545455,BCC
-15.40740741,0.037646832,4.444444444,BCC
-15.40740741,0.037646832,4.444444444,BCC
-15.40740741,0.037646832,4.444444444,BCC + Im
-15.40740741,0.037646832,4.444444444,BCC + Im
-13.6,0.23,4.8,FCC
-13.6,0.23,4.8,FCC
-13.6,0.23,4.8,FCC
-13.6,0.23,4.8,FCC
-13.6,0.23,4.8,FCC
-11.04,0.227982455,4.6,BCC
-2.75,0.265459507,5,BCC
-15.12,0.08,4.2,BCC
-15.12,0.08,4.2,BCC
-15.12,0.08,4.2,BCC
-13.44,0.05,4.4,BCC
0.871231589,0.101210115,4.614770459,BCC
0.871231589,0.101210115,4.614770459,BCC
0.871231589,0.101210115,4.614770459,BCC
0.871231589,0.101210115,4.614770459,BCC
-0.25,0.258988417,4.5,BCC
-0.25,0.258988417,4.5,BCC
2.72,0.118253964,4.4,BCC
2.36,0.118594899,4.3,BCC
2.36,0.118594899,4.3,BCC
2.36,0.118594899,4.3,BCC
2.36,0.118594899,4.3,BCC
2.36,0.118594899,4.3,BCC
2.36,0.118594899,4.3,BCC
2.36,0.118594899,4.3,BCC
2.36,0.118594899,4.3,BCC
2.36,0.118594899,4.3,BCC
2.36,0.118594899,4.3,BCC
2.36,0.118594899,4.3,BCC
2.36,0.118594899,4.3,BCC
2.36,0.118594899,4.3,BCC
2.36,0.118594899,4.3,BCC
2.36,0.118594899,4.3,BCC
2.36,0.118594899,4.3,BCC
2.36,0.118594899,4.3,BCC
2.36,0.118594899,4.3,BCC
2.36,0.118594899,4.3,BCC
2.36,0.118594899,4.3,BCC
2.36,0.118594899,4.3,BCC
0.98,0.114716771,4.1,BCC
2.467120181,0.189533381,4.476190476,BCC
2.247933884,0.232176194,4.545454545,BCC
-2.188365651,0.165384845,4.394736842,BCC
-2.188365651,0.165384845,4.394736842,BCC
-2.188365651,0.165384845,4.394736842,BCC
2.056710775,0.262094227,4.608695652,BCC
-1.6,0.31,4.6,BCC
-1.6,0.31,4.6,BCC
-1.6,0.31,4.6,BCC
-1.6,0.31,4.6,BCC
2.72,0.12,4.4,BCC
2.72,0.12,4.4,BCC
2.72,0.12,4.4,BCC
2.72,0.12,4.4,BCC
2.72,0.12,4.4,BCC
2.72,0.12,4.4,BCC
2.72,0.12,4.4,BCC
2.72,0.12,4.4,BCC
2.72,0.12,4.4,BCC
2.72,0.12,4.4,BCC
2.72,0.12,4.4,BCC
2.72,0.12,4.4,BCC
2.72,0.12,4.4,BCC
3.5,0.12,4.5,BCC
1.75,0.10401322,4.25,BCC
0.795847751,0.160399857,4.441176471,BCC
-0.277777778,0.213663482,4.527777778,BCC
-1.254732288,0.197323903,4.604651163,BCC
-1.135734072,0.24768806300000001,4.605263158,BCC
-1.777777778,0.228089218,4.666666667,BCC
-1.825,0.271583205,4.675,BCC
-2.209144409,0.250581939,4.723404255,BCC
-3.194706994,0.312228786,4.847826087,BCC
-3.104307583,0.291553089,4.867924528,BCC1 + BCC2
-3.489583333,0.319847986,4.895833333,BCC
-6.14532872,0.363138949,5.411764706,BCC
-2.864197531,0.249121915,5.111111111,BCC
-2.703601108,0.245168267,5.052631579,BCC
-4.5,0.34,5.25,BCC
-3.25,0.257135665,5.25,BCC
-6.5,0.36,5.5,BCC
-6.5,0.36,5.5,BCC
-6.5,0.36,5.5,BCC
-6.5,0.36,5.5,BCC
-6.5,0.36,5.5,BCC
-6.5,0.36,5.5,BCC
-6.5,0.36,5.5,BCC
-6.5,0.36,5.5,BCC
-2.75,0.248935233,5,BCC
-2.617631152,0.296132452,4.76744186,BCC
-2.72,0.28,4.8,BCC
-0.25,0.05,4.75,BCC
1.432506887,0.117480436,4.393939394,BCC
-1.33,0.03,9,FCC
-11.83431953,0.032490326,8.615384615,FCC
-19.42857143,0.031943828,8.285714286,FCC + Im
-24.96,0.031382939,8,FCC + Im
-6.059171598,0.076999962,8.538461538,FCC
-9.469387755,0.097079811,8.142857143,FCC + BCC
-11.94666667,0.109390229,7.8,FCC + BCC
-3.75,0.1,8.25,FCC
-5.473010986,0.101487899,8.168413356,FCC + Im
-6.276635953,0.103631001,8.128760529,FCC + Im
-7.024812729,0.105576867,8.090822634,FCC + Im
-8.38502061,0.108998224,8.019043196,FCC + Im
-9.685938539,0.112136079,7.946509519,FCC + Im
-12.32,0.12,7.2,BCC
-12.32,0.12,7.2,BCC
-12.32,0.12,7.2,BCC
-12.32,0.12,7.2,BCC
-15.3479431,0.160336536,7.137254902,BCC + Im
-18.13609467,0.189783433,7.076923077,BCC + Im
-20.70487718,0.213397811,7.018867925,BCC + Im
-23.07270233,0.233101001,6.962962963,BCC + Im
-25.25619835,0.249938835,6.909090909,BCC + Im
-33.88888889,0.308040401,6.666666667,BCC + Im
-12.13,0.13,7.18,BCC
-11.95,0.14,7.15,BCC + Im
-11.77643289,0.146647598,7.132075472,BCC + Im
-11.6,0.15,7.11,BCC + Im
-11.44,0.16,7.09,BCC + Im
-12.32,0.12,7.2,BCC
-13.31795463,0.12190182,7.156862745,BCC
-14.65759637,0.123615232,7.095238095,BCC + Im
-16.52892562,0.125829479,7,BCC + Im
-16.39053254,0.120529527,7.076923077,BCC
-19.83539095,0.120333328,6.962962963,BCC
-22.75510204,0.120010097,6.857142857,BCC
-25.23186683,0.119586088,6.75862069,BCC + delta
-27.33333333,0.119082138,6.666666667,BCC + delta
-17.05785124,0.122359719,8.363636364,FCC
-10.84297521,0.130877521,7.636363636,BCC + FCC
-14.38842975,0.132989312,7.272727273,BCC
-17.92,0.13,6.91,BCC
-21.56,0.14,6.67,BCC
-23.91,0.15,6.46,BCC + Im
-4.16,0.14,8,FCC
-5.297052154,0.138098522,7.857142857,FCC
-6.214876033,0.137594445,7.727272727,FCC
-6.956521739,0.136911656,7.608695652,FCC + Im
-7.555555556,0.136096371,7.5,FCC + Im
-4.89,0.11,8.33,FCC
-13.25,0.118953773,7,BCC
-12.65306122,0.14744229,6.714285714,BCC
-11.85185185,0.172225806,6.666666667,BCC
-11.14583333,0.188402919,6.625,BCC + Im
-1.52,0.11,8.27,FCC
-4.78,0.12,7.83,FCC + BCC
-8.65,0.13,7.14,FCC + BCC
-2.684310019,0.123320475,7.391304348,FCC + BCC + Im
-3.402777778,0.123883906,7.5,FCC + BCC + Im
-4,0.124161186,7.6,FCC + BCC + Im
-4.49704142,0.124213502,7.692307692,FCC + BCC + Im
-4.910836763,0.124087893,7.777777778,FCC + BCC + Im
-4.78,0.12,7.83,BCC + FCC
2.5,0.13,4.25,BCC
-3.52,0.273890489,4.8,BCC1 + BCC2 + BCC3
-4.16,0.14,8,FCC
-4.16,0.14,8,FCC
-1.6,0.31,4.6,BCC + Im
-4.16,0.14,8,FCC
-4.83203125,0.147477488,6.28125,BCC
-5.148788927,0.183776229,6.235294118,BCC
-5.628808864,0.230952502,6.157894737,BCC1 + BCC2 + Laves
-9.09,0.11,7.67,FCC
-9.09,0.11,7.67,FCC + BCC
-11.29251701,0.140859042,4.142857143,FCC + Im
-13.2244898,0.146292039,4.238095238,FCC + Im
-8.69,0.127400942,4.05,FCC + Im
-13.06,0.128913731,4.1,FCC + Im
-15.22,0.144370184,3.95,FCC + Im
-3.2,0.309554519,4.6,BCC
-4.78,0.12,7.83,BCC + FCC + Im
-17.92,0.13,6.91,BCC1 + BCC2
-4.92,0.22,4.9,BCC1 + BCC2 + Im
-12.32,0.12,7.2,BCC + Im
-12.32,0.12,7.2,BCC + FCC + Im
-12.32,0.12,7.2,BCC + FCC + Im
-12.32,0.12,7.2,BCC + FCC + Im
-12.32,0.12,7.2,BCC + FCC + Im
-12.32,0.12,7.2,BCC + FCC + Im
-4.78,0.12,7.83,BCC + FCC
-4.78,0.12,7.83,BCC + FCC
-4.78,0.12,7.83,BCC + FCC
-4.78,0.12,7.83,FCC + BCC
-4.78,0.12,7.83,FCC + BCC
-4.78,0.12,7.83,FCC + BCC
-4.78,0.12,7.83,FCC + BCC
-4.64,0.34,5.4,BCC
-4.2436,0.276687839,5.41,BCC?+ Im
-31.11815301,0.256563457,4.531914894,BCC?+ Im
-16.36560303,0.254130827,4.581395349,BCC
-31.11815301,0.256563457,4.531914894,BCC
-31.11815301,0.256563457,4.531914894,BCC
-12.32,0.12,7.2,BCC
-12.32,0.12,7.2,BCC + Im
-12.32,0.12,7.2,BCC + FCC + Im
-12.32,0.12,7.2,BCC + FCC + Im
-12.32,0.12,7.2,BCC + FCC + Im
-12.32,0.12,7.2,BCC + FCC + Im
-12.32,0.12,7.2,BCC  + Im
-12.32,0.12,7.2,BCC
-12.32,0.12,7.2,BCC
-12.32,0.12,7.2,BCC
-12.32,0.12,7.2,BCC
-17.92,0.13,6.91,BCC1 + BCC2
-17.92,0.13,6.91,BCC1 + BCC2
-17.92,0.13,6.91,BCC1 + BCC2
-17.92,0.13,6.91,BCC1 + BCC2
-4.32,0.224535075,5.2,BCC
-6.4,0.274546899,5,BCC + Im
-4.16,0.14,8,FCC + Im
-4.16,0.14,8,FCC
-4.16,0.14,8,FCC
-4.16,0.14,8,FCC
-4.16,0.14,8,FCC
-4.16,0.14,8,FCC
-3.75,0.1,8.25,FCC
-3.75,0.1,8.25,FCC
-3.75,0.1,8.25,FCC
-3.75,0.1,8.25,FCC
-3.75,0.1,8.25,FCC
-3.75,0.1,8.25,FCC
-14.85207101,0.126774388,7.076923077,BCC + Im
-16.98216735,0.131697788,6.962962963,BCC + Im
-14.85207101,0.126774388,7.076923077,BCC
-14.85207101,0.126774388,7.076923077,BCC1 + BCC2
-14.85207101,0.126774388,7.076923077,BCC1 + BCC2
-14.85207101,0.126774388,7.076923077,BCC1 + BCC2
-16.98216735,0.131697788,6.962962963,BCC1 + BCC2
-16.98216735,0.131697788,6.962962963,BCC1 + BCC2
-16.98216735,0.131697788,6.962962963,BCC1 + BCC2
-4.89,0.11,8.33,FCC
-4.89,0.11,8.33,FCC
-4.89,0.11,8.33,FCC
-4.89,0.11,8.33,FCC
-4.89,0.11,8.33,FCC
-4.89,0.11,8.33,FCC
-4.89,0.11,8.33,FCC
-4.89,0.11,8.33,FCC
-2.56,0.24,5,BCC
-5,0.12,4.75,BCC
-1.6,0.31,4.6,BCC
2.72,0.12,4.4,BCC
0.4375,0.134530433,4.25,BCC
1.469387755,0.137410453,4.428571429,BCC
-2.125,0.270497227,4.375,BCC
0.875,0.118215904,4.25,BCC
3.111111111,0.041096093,4.666666667,BCC
2.64,0.109859001,4.4,BCC
-0.96,0.121082616,4.5,BCC
-12.32,0.12,7.2,BCC + Im
-12.32,0.12,7.2,BCC + Im
-12.32,0.12,7.2,BCC + Im
-12.32,0.12,7.2,BCC + Im
-12.32,0.12,7.2,BCC + Im
-12.32,0.12,7.2,BCC + Im
-5.040562466,0.10130303,4.395348837,BCC
-8.987654321,0.101555799,4.333333333,BCC
-11.55,0.12,4.22,BCC
2.5,0.100343161,4.5,BCC
2.364444444,0.097662116,4.466666667,BCC
2.224444444,0.094799643,4.433333333,BCC
2.08,0.09173876,4.4,BCC
1.931111111,0.088458873,4.366666667,BCC
-7.04,0.355662762,5,BCC + Laves
-4.89,0.32,5.5,BCC + Im
-4.89,0.32,5.5,BCC + Im
-4.89,0.32,5.5,BCC + Im
-4.973006811,0.111524469,8.197916667,BCC
-4.973006811,0.111524469,8.197916667,BCC + FCC
-4.973006811,0.111524469,8.197916667,BCC + FCC
-4.89,0.11,8.33,FCC
-0.25,0.12,4.5,BCC
-17.44,0.11,4.2,BCC
-16.75193337,0.052617394,4.243902439,BCC + Im
-17.38408304,0.070332871,4.235294118,BCC + Im
-18.17283951,0.089083121,4.222222222,BCC + Im
-17.44,0.11,4.2,BCC + Im
-19.30578512,0.121437669,4.181818182,BCC + Im
-4.16,0.14,8,FCC
-3.75,0.1,8.25,FCC
-4.16,0.14,8,FCC
-4.16,0.14,8,FCC
-3.75,0.1,8.25,FCC
-3.75,0.1,8.25,FCC
-4.16,0.138361844,8,FCC
-4.16,0.138361844,8,FCC
2.72,0.12,4.4,BCC
2.5,0.13,4.25,BCC
2.5,0.13,4.25,BCC
-10.245,0.114716771,4.1,BCC
1.790123457,0.105240759,4.277777778,BCC
1.795918367,0.105424313,4.285714286,BCC
1.799307958,0.105538658,4.294117647,BCC
2.26,0.101797593,4.35,BCC
2.14,0.10219956,4.3,BCC
2.36,0.101354576,4.4,BCC
2.44,0.100869966,4.45,BCC
2.5,0.100343161,4.5,BCC
-2.56,0.24,5,BCC
-2.56,0.24,5,BCC
-2.56,0.24,5,BCC + Im
-12.32,0.12,7.2,BCC
-13.07692308,0.121601736,7.115384615,BCC
-13.95041322,0.122575664,7,BCC
-14.57788347,0.123026635,6.896551724,BCC
-14.88888889,0.123107902,6.833333333,BCC
-15.44444444,0.126622799,6.5,BCC + Im
-17.2,0.129786577,6.533333333,BCC + Im
-19.33333333,0.134316686,6.583333333,BCC1 + BCC2 + Im
-20.86666667,0.138610566,6.633333333,BCC1+BCC2
-21.56,0.14,6.67,BCC1 + BCC2 + Laves
-21.97777778,0.14400463,6.7,BCC1 + BCC2 + Laves
2.5,0.13,4.25,BCC
-10.96296296,0.1331202,4.111111111,BCC
-15.64542936,0.133767069,4.052631579,BCC
-19.36,0.133955216,4,BCC + BCC
-22.31292517,0.133805287,3.952380952,BCC + BCC
-24.66115702,0.133404251,3.909090909,BCC + BCC
-10.99730873,0.118924761,8.019607843,FCC + Im
-10.99730873,0.118924761,8.019607843,FCC
-10.99730873,0.118924761,8.019607843,FCC + Im
-7.5184,0.130196621,7.71,BCC + FCC + Im
-0.96,0.138289551,7.5,FCC
-4.16,0.138361844,8,FCC
-4.16,0.138361844,8,FCC
-4.16,0.14,8,FCC
-6.8576,0.109284766,4.24,BCC
-6.8576,0.109284766,4.24,BCC  + Im
-0.92,0.132075736,7.6,FCC + Im
-0.882,0.1392543,7.46,FCC
-0.92,0.132075736,7.6,FCC
-6.826618379,0.103645634,8.659574468,FCC
-13.9748,0.122434105,8.07,FCC + Im
-13.9748,0.122434105,8.07,FCC + Im
-7.346938776,0.111625792,8.047619048,FCC
-4.383742911,0.106545916,8.086956522,FCC
-4.383742911,0.106545916,8.086956522,FCC
-4.16,0.14,8,FCC
-4.16,0.14,8,FCC
-4.16,0.14,8,FCC
-4.16,0.14,8,FCC
-4.444444444,0.338068409,4.571428571,BCC
-3.7232,0.135458481,7.76,FCC
-4.089746244,0.048822023,4.8,BCC
-4.089746244,0.048822023,4.8,BCC + Im
2.72,0.12,4.4,BCC
-3.222222222,0.354483192,4.666666667,BCC1 + BCC2
-2.93877551,0.38134563,4.857142857,BCC1 + BCC2
-9.09,0.11,7.67,FCC + BCC
-9.09,0.11,7.67,FCC + BCC
-9.09,0.11,7.67,FCC + BCC
-9.09,0.11,7.67,FCC + BCC
-13.03169786,0.11814667,8.24,FCC + Im
-14.63666667,0.12911663,8.091666667,FCC + Im
-14.63666667,0.12911663,8.091666667,FCC + Im
-1.777777778,0.123107902,4.222222222,BCC
-1.019390582,0.122467702,4.263157895,BCC
-0.4,0.12163881,4.3,BCC
0.108843537,0.120678355,4.333333333,BCC
0.52892562,0.119627521,4.363636364,BCC
-24.77777778,0.257601113,6.833333333,BCC
-12.32,0.12,7.2,BCC
-4.78,0.12,7.83,BCC
-11.94453931,0.124400344,7.652892562,FCC + BCC + Im
-4.16,0.138361844,8,FCC
2.5,0.13,4.25,BCC
-4.04,0.12,8.14,FCC
-4.04,0.12,8.14,FCC
-4.04,0.12,8.14,FCC
-4.04,0.12,8.14,FCC
-4.04,0.12,8.14,FCC + Im
-4.04,0.12,8.14,FCC + Im
-34.1,0.212569988,7,BCC + Im
-33.2,0.23471046,7,BCC + Im
-29.7219997,0.242639159,7.00029997,BCC + Im
-31.88,0.239298976,7,BCC + Im
-30.38,0.258810259,7,BCC + Im
-23.52,0.26,6.4,BCC + Im
-2.25,0.102072278,6.5,BCC
2.186791383,0.098349024,6.476190476,BCC?+?FCC
2.37654321,0.10315808,6.555555556,BCC?+?FCC
2.520616319,0.106926652,6.625,BCC?+?FCC
2.675736961,0.111239155,6.714285714,BCC?+?FCC
-4.222222222,0.334086649,5.166666667,BCC1 + BCC2 + FCC
3.2,0.09,8.8,FCC
-14.247936,0.101501559,8.648,FCC
-15.385344,0.109192058,8.496,FCC + Im
-16.372224,0.115607169,8.344,FCC + Im
-17.208576,0.12095,8.192,Im + FCC
-8.898629818,0.155123334,8.280032689,FCC
-8.898629818,0.155123334,8.280032689,FCC
-4.38133432,0.202048919,7.7255,FCC
-4.47743052,0.202645099,7.723,FCC
-4.554247,0.20312038600000001,7.721,FCC
-4.84183,0.20488977,7.7135,FCC
-4.95665152,0.205591884,7.7105,FCC
-4.38133432,0.202048919,7.7255,FCC
-4.47743052,0.202645099,7.723,FCC
-4.554247,0.20312038600000001,7.721,FCC
-4.84183,0.20488977,7.7135,FCC
-4.95665152,0.205591884,7.7105,FCC
-1.76,0.28168067,4.8,BCC1 + BCC2
-15.87,0.128874939,5.55,Im
-7.91,0.141438149,4.95,Im
-10.93333333,0.153899759,7.377777778,Im
-1.47506,0.120148564,3.325,FCC + Im
-1.096988712,0.103345495,3.25,FCC + Im
-0.769115999,0.086814558,3.161338661,FCC + Im
-10.86,0.11,4.33,BCC + Im
-16.988272,0.033543964,4.217,BCC
-6.08,0.33,4.4,Im
-0.53,0.17,3.35,Im
-1.14,0.17,3.7,Im
-11.4,0.12,7.2,BCC + FCC + Im
-4.16,0.14,8,FCC
-4.16,0.14,8,FCC
-12.48,0.136,6.8,BCC
-12.48,0.136,6.8,BCC + FCC
-12.48,0.136,6.8,BCC + FCC
-12.48,0.136,6.8,BCC + FCC + Im
-12.48,0.136,6.8,BCC + FCC + Im
-9.09,0.11,7.67,FCC + BCC
-9.09,0.11,7.67,FCC + BCC
-9.09,0.11,7.67,FCC + BCC
-9.09,0.11,7.67,FCC + BCC + Im
-9.09,0.11,7.67,FCC + BCC + Im
-9.09,0.11,7.67,FCC + BCC + Im
-9.09,0.11,7.67,FCC + BCC
-9.09,0.11,7.67,FCC + BCC
-5.1292,0.108064795,8.33,FCC
-5.1292,0.108064795,8.33,FCC
-2.650887574,0.13887545,8.076923077,FCC + BCC
-2.650887574,0.13887545,8.076923077,FCC + Im
-2.650887574,0.13887545,8.076923077,FCC
-3.75,0.1,8.25,FCC
-5.591695502,0.103916389,8.058823529,FCC
-7.012345679,0.108979554,7.888888889,FCC + Im
-7.913082843,0.111952101,7.765957447,FCC + Im
-8.298611111,0.113161635,7.708333333,FCC + Im
-8.646397334,0.114216451,7.653061224,FCC + Im
-8.96,0.115134704,7.6,FCC + Im
-6.120576,0.158232912,7.96,FCC
-6.120576,0.158232912,7.96,FCC
-6.120576,0.158232912,7.96,FCC
-4.55535104,0.142592305,7.992,FCC
-4.55535104,0.142592305,7.992,FCC
-4.55535104,0.142592305,7.992,FCC
-4.55535104,0.142592305,7.992,FCC
-5.142411887,0.148651873,7.980059821,FCC
-5.142411887,0.148651873,7.980059821,FCC
-5.142411887,0.148651873,7.980059821,FCC
-5.142411887,0.148651873,7.980059821,FCC + Im
-5.72239944,0.154404701,7.968190855,FCC
-5.72239944,0.154404701,7.968190855,FCC
-5.72239944,0.154404701,7.968190855,FCC + Im
-5.72239944,0.154404701,7.968190855,FCC + Im
-5.04,0.1,8.12,FCC
-5.04,0.1,8.12,FCC
-5.04,0.1,8.12,FCC
-5.04,0.1,8.12,FCC
-4.16,0.14,8,FCC
-4.16,0.14,8,FCC + Im
-4.16,0.14,8,FCC + Im
-4.16,0.14,8,FCC
-4.16,0.14,8,FCC
-4.16,0.14,8,FCC
-4.16,0.14,8,FCC
-11.94,0.12,7.7,FCC + BCC
-11.94,0.12,7.7,FCC + BCC
-11.94,0.12,7.7,FCC + BCC
-11.94,0.12,7.7,FCC + BCC
-11.94,0.12,7.7,FCC + BCC
-11.94,0.12,7.7,FCC + BCC
-11.94,0.12,7.7,FCC + BCC
-11.94,0.12,7.7,FCC + BCC
-11.94,0.12,7.7,FCC + BCC
-11.94,0.12,7.7,FCC + BCC
-11.94,0.12,7.7,FCC + BCC
-11.94,0.12,7.7,FCC + BCC
-11.94,0.12,7.7,FCC + BCC
-5.82,0.092714616,8.1,FCC
-5.36,0.090138782,8,FCC
-4.9,0.087384209,7.9,FCC + BCC + Im
-4.67,0.085934568,7.85,BCC + FCC + Im
-12.32,0.12,7.2,FCC + Im
-11.6888,0.118057782,7.24,FCC + Im
-10.4312,0.112695874,7.32,FCC + Im
-9.8048,0.109824587,7.36,FCC + Im
-12.32,0.12,7.2,BCC
-17.92,0.13,6.91,BCC
-7.5744,0.103058187,7.65,BCC + Im
-2.650887574,0.13887545,8.076923077,FCC + BCC
-4.2928,0.120166551,8.5,FCC
-4.2928,0.120166551,8.5,FCC
-4.2928,0.120166551,8.5,FCC
-4.2928,0.120166551,8.5,FCC
-4.2928,0.120166551,8.5,FCC
-4.2928,0.120166551,8.5,FCC
-4.16,0.14,8,FCC
-15.5,0.131624466,7,BCC + Im
-12.32,0.12,7.2,BCC + Im
-4.89,0.11,8.33,FCC
-4.89,0.11,8.33,FCC
-6.26,0.113643082,7.95,FCC
-6.26,0.113643082,7.95,FCC + Im
-6.26,0.113643082,7.95,FCC + Im
-6.26,0.113643082,7.95,FCC + Im
-6.26,0.113643082,7.95,FCC + Im
-6.26,0.113643082,7.95,FCC + Im
-2.335,0.09995499,8.025,FCC + Laves
-2.335,0.09995499,8.025,FCC
-2.335,0.09995499,8.025,FCC
-2.335,0.09995499,8.025,FCC
-2.331,0.111132309,7.92,FCC + Laves
-2.331,0.111132309,7.92,FCC + Laves
-2.331,0.111132309,7.92,FCC
-2.331,0.111132309,7.92,FCC
-4.78,0.12,7.83,FCC+ BCC
-4.78,0.12,7.83,FCC+ BCC
-4.78,0.12,7.83,FCC+ BCC
-4.78,0.12,7.83,FCC+ BCC
-4.78,0.12,7.83,FCC+ BCC
-4.78,0.12,7.83,FCC+ BCC
-4.78,0.12,7.83,FCC + FCC + BCC
-4.78,0.12,7.83,FCC + FCC + BCC
-4.78,0.12,7.83,FCC + FCC + BCC
-4.78,0.12,7.83,FCC + FCC + BCC
-4.78,0.12,7.83,FCC + FCC + BCC
-4.78,0.12,7.83,FCC + FCC + BCC
-4.78,0.12,7.83,FCC + FCC + BCC
-16.84,0.22,4.3,BCC1 + BCC2
-16.84,0.22,4.3,BCC1 + BCC2
-16.84,0.22,4.3,BCC1 + BCC2
-6.33,0.12,4.32,BCC
-6.33,0.12,4.32,BCC
-6.33,0.12,4.32,BCC
-6.33,0.12,4.32,BCC
2.72,0.12,4.4,BCC
-16.84,0.22,4.3,BCC+ Im
-15.12,0.08,4.2,BCC
-15.12,0.08,4.2,BCC
-15.12,0.08,4.2,BCC
-6.33,0.12,4.32,BCC
-6.33,0.12,4.32,BCC
-6.33,0.12,4.32,BCC
-5.040562466,0.10130303,4.395348837,BCC1 + BCC2
-5.040562466,0.10130303,4.395348837,BCC1 + BCC2
-5.040562466,0.10130303,4.395348837,BCC1 + BCC2
-4.86,0.11,4.34,BCC
-4.86,0.11,4.34,BCC
-4.86,0.11,4.34,BCC
-8.62,0.1,4.3,BCC1 + BCC2
-8.62,0.1,4.3,BCC1 + BCC2
-8.62,0.1,4.3,BCC1 + BCC2
-16.25,0.03,4.25,BCC
-16.25,0.03,4.25,BCC
-16.25,0.03,4.25,BCC
-16.25,0.03,4.25,BCC
0.16,0.14,4.4,BCC†+†Im
0.16,0.14,4.4,BCC
0.16,0.14,4.4,BCC
0.16,0.14,4.4,BCC
0.16,0.14,4.4,BCC†+†Im
-4,0.144996552,4.6,BCC†+†Im
-4,0.144996552,4.6,BCC†+†Im
-4,0.144996552,4.6,BCC†+†Im
-4,0.144996552,4.6,BCC†+†Im
-4,0.144996552,4.6,BCC†+†Im
-4.92,0.22,4.9,BCC1 + BCC2 + Im
-4.92,0.22,4.9,BCC1 + BCC2 + Im
-4.92,0.22,4.9,BCC1 + BCC2 + Im
-4.92,0.22,4.9,BCC1 + BCC2 + Im
-0.25,0.12,4.5,BCC
-0.25,0.12,4.5,BCC
-0.25,0.12,4.5,BCC
-0.25,0.12,4.5,BCC
-0.96,0.112889326,4.6,BCC1 + BCC2 + BCC3
-1.444444444,0.107703296,4.666666667,BCC1 + BCC2 + BCC3
-1.632653061,0.102678416,4.714285714,BCC1 + BCC2 + BCC3
-1.6875,0.098075226,4.75,BCC1 + BCC2 + BCC3
-5,0.12,4.75,BCC + Laves
-5,0.12,4.75,BCC + Laves
-5,0.12,4.75,BCC + Laves
-5,0.12,4.75,BCC + Laves
-4.64,0.12,4.8,BCC + Laves
-4.64,0.12,4.8,BCC + Laves
-4.64,0.12,4.8,BCC + Laves
-4.64,0.12,4.8,BCC + Laves
-3.2,0.309554519,4.6,BCC
-3.2,0.309554519,4.6,BCC
-3.2,0.309554519,4.6,BCC
2.72,0.12,4.4,BCC
2.72,0.12,4.4,BCC
2.72,0.12,4.4,BCC
2.72,0.12,4.4,BCC
2.72,0.12,4.4,BCC
2.72,0.12,4.4,BCC
2.72,0.12,4.4,BCC
2.72,0.12,4.4,BCC1 + BCC2
2.72,0.12,4.4,BCC
2.72,0.12,4.4,BCC
-4.64,0.34,5.4,BCC
-4.64,0.34,5.4,BCC
-4.64,0.34,5.4,BCC
-4.64,0.34,5.4,BCC
-4.64,0.34,5.4,BCC
-4.64,0.34,5.4,BCC
-6.5,0.36,5.5,BCC
-6.5,0.36,5.5,BCC
-6.5,0.36,5.5,BCC
-6.5,0.36,5.5,BCC
-6.5,0.36,5.5,BCC
-4.64,0.34,5.4,BCC
-4.64,0.34,5.4,BCC
-4.64,0.34,5.4,BCC
-4.64,0.34,5.4,BCC
-4.64,0.34,5.4,BCC
-14.27664399,0.11075089,4.523809524,FCC + Im
-4.16,0.14,8,FCC
-8.977422222,0.12265523,8.043333333,FCC + Im
-3.75,0.1,8.25,FCC + Im
-7.3763,0.109201648,7.955,FCC + Im
-7.3763,0.109201648,7.955,FCC + Im
-7.3763,0.109201648,7.955,FCC + Im
-1.52,0.11,8.27,FCC + im
-1.52,0.11,8.27,FCC + im
-1.52,0.11,8.27,FCC + im
-1.52,0.11,8.27,FCC + im
-1.52,0.11,8.27,FCC + im
-1.52,0.11,8.27,FCC + im
-1.52,0.11,8.27,FCC + im
-1.52,0.11,8.27,FCC + im
-1.52,0.11,8.27,FCC + Im
-1.52,0.11,8.27,FCC + Im
-1.52,0.11,8.27,FCC + Im
-1.52,0.11,8.27,FCC + Im
-1.52,0.11,8.27,FCC + Im
-1.52,0.11,8.27,FCC + Im
-1.52,0.11,8.27,FCC + Im
-4.89,0.11,8.33,FCC
-4.89,0.11,8.33,FCC
-4.89,0.11,8.33,FCC
-4.89,0.11,8.33,FCC
-4.89,0.11,8.33,FCC
-5.777777778,0.163095064,8.666666667,FCC
-5.777777778,0.163095064,8.666666667,FCC
-5.777777778,0.163095064,8.666666667,FCC
-5.777777778,0.163095064,8.666666667,FCC
-5.777777778,0.163095064,8.666666667,FCC
-1.33,0.03,9,FCC
-1.33,0.03,9,FCC
-1.33,0.03,9,FCC
-1.33,0.03,9,FCC
-1.33,0.03,9,FCC
-4.444444444,0.154344492,8.333333333,FCC
-4.444444444,0.154344492,8.333333333,FCC
-4.444444444,0.154344492,8.333333333,FCC
-4.444444444,0.154344492,8.333333333,FCC
-4.444444444,0.154344492,8.333333333,FCC
-3.75,0.1,8.25,FCC
-3.75,0.1,8.25,FCC
-3.75,0.1,8.25,FCC
-3.75,0.1,8.25,FCC
-3.75,0.1,8.25,FCC
-4,0.14,8.5,FCC
-4,0.14,8.5,FCC
-4,0.14,8.5,FCC
-4,0.14,8.5,FCC
-4,0.14,8.5,FCC
-5.5,0.150499169,8,FCC
-5.5,0.150499169,8,FCC
-5.5,0.150499169,8,FCC
-5.5,0.150499169,8,FCC
-5.5,0.150499169,8,FCC
-12.76859504,0.224942601,6.272727273,BCC1 + BCC2
-12.76859504,0.224942601,6.272727273,BCC1 + BCC2 + Laves
-12.76859504,0.224942601,6.272727273,BCC1 + BCC2 + Laves
-12.76859504,0.224942601,6.272727273,BCC1 + BCC2 + Laves
-4.16,0.14,8,FCC
-38.20408163,0.31244918,7,FCC
-4.16,0.14,8,FCC
-38.20408163,0.31244918,7,FCC
-7.640138408,0.107142824,8.058823529,FCC + Im
-7.640138408,0.107142824,8.058823529,FCC + Im
3.2,0.09,8.8,FCC
-13.44,0.227191549,6,BCC + Laves
-12.33560091,0.222844933,6.380952381,BCC + Laves
-12.76859504,0.224942601,6.272727273,BCC
-12.9382716,0.225684145,6.222222222,BCC + Laves
-13.44,0.227191549,6,BCC + Laves
-15.38461538,0.122759205,6.692307692,BCC + Im
-9.798,0.148163558,7.38,FCC + Im
-10.87543253,0.148891199,7.31372549,FCC + Im
-10.87543253,0.148891199,7.31372549,FCC + Im
-11.8635355,0.149505967,7.25,FCC + Im
-11.8635355,0.149505967,7.25,FCC + Im
-11.8635355,0.149505967,7.25,FCC + Im
-12.77002492,0.150019935,7.188679245,FCC + Im
-12.77002492,0.150019935,7.188679245,FCC + Im
-10.87543253,0.148891199,7.31372549,FCC + Im
-11.33,0.150847605,7.3,FCC + Im
-10.56,0.149570585,7.34,FCC + Im
-10.9216,0.15132746,7.3,FCC + Im
-9.798,0.148163558,7.38,FCC + Im
-10.222,0.150637446,7.33,FCC + Im
-9.5192,0.149931184,7.36,FCC + Im
-8.8868,0.149598262,7.38,FCC + Im
-9.798,0.148163558,7.38,FCC + Im
-9.798,0.148163558,7.38,FCC + Im
-9.798,0.148163558,7.38,FCC + Im
-9.798,0.148163558,7.38,FCC + Im
-9.798,0.148163558,7.38,FCC + Im
-9.798,0.148163558,7.38,FCC + Im
-9.798,0.148163558,7.38,FCC + Im
-9.798,0.148163558,7.38,FCC + Im
-9.798,0.148163558,7.38,FCC + Im
-6.553819444,0.135874227,7.479166667,BCC
-7.674074074,0.132053861,7.044444444,BCC
-11.35604938,0.132134611,7.044444444,BCC + Im
-23.25,0.166883193,7,FCC
-23.25,0.166883193,7,FCC
-23.25,0.166883193,7,FCC
-23.25,0.166883193,7,FCC
-19.955,0.157765451,6.975,FCC1+FCC2
-19.955,0.157765451,6.975,FCC1+FCC2
-19.955,0.157765451,6.975,FCC1+FCC2
-19.955,0.157765451,6.975,FCC1+FCC2
-17.6,0.153544782,7.2,FCC1+FCC2
-17.6,0.153544782,7.2,FCC1+FCC2
-17.6,0.153544782,7.2,FCC1+FCC2
-17.6,0.153544782,7.2,FCC1+FCC2
-15.52,0.13163966,7.3,FCC + BCC
-21.97777778,0.14400463,6.7,FCC + BCC
-12.32,0.12,7.2,BCC
2.72,0.12,4.4,BCC
2.72,0.12,4.4,BCC1 + BCC2
2.72,0.12,4.4,BCC1 + BCC2
2.72,0.12,4.4,BCC1 + BCC2
2.72,0.12,4.4,BCC1 + BCC2
2.72,0.12,4.4,BCC1 + BCC2
2.72,0.12,4.4,BCC1 + BCC2
2.72,0.12,4.4,BCC1 + BCC2
-4.554563528,0.142584003,7.992015968,FCC
-4.554563528,0.142584003,7.992015968,FCC
-4.554563528,0.142584003,7.992015968,FCC
-4.554563528,0.142584003,7.992015968,FCC
-4.554563528,0.142584003,7.992015968,FCC
-7.27,0.11,7.88,FCC
-7.27,0.11,7.88,FCC
-7.27,0.11,7.88,FCC + Im
-7.27,0.11,7.88,FCC + Im
-7.27,0.11,7.88,FCC +Im
-7.27,0.11,7.88,FCC + Im
-4.89,0.11,8.33,FCC
-4.89,0.11,8.33,FCC
-4.16,0.14,8,FCC
-4.16,0.14,8,FCC
-4.16,0.14,8,FCC
-4.16,0.14,8,FCC
-4.16,0.14,8,FCC
-4.16,0.14,8,FCC
-4.16,0.14,8,FCC
-3.75,0.1,8.25,FCC
-3.75,0.1,8.25,FCC
-3.75,0.1,8.25,FCC
-3.75,0.1,8.25,FCC
-3.75,0.1,8.25,FCC
-3.75,0.1,8.25,FCC
-3.75,0.1,8.25,FCC
-3.4172,0.142942331,8.26,FCC
-3.4172,0.142942331,8.26,FCC
-3.4172,0.142942331,8.26,FCC
-0.92,0.132075736,7.6,FCC + Im
-0.92,0.132075736,7.6,FCC + Im
-3.4172,0.142942331,8.26,FCC
-3.4172,0.142942331,8.26,FCC
-0.96,0.138289551,7.5,FCC
-4.16,0.14,8,FCC
-2.5472,0.129185758,7.72,FCC + Im
-1.76,0.124739729,7.6,FCC + Im
-5,0.12,4.75,BCC + Im
-16.25,0.03,4.25,BCC + Im
-16.25,0.03,4.25,BCC + Im
-14.56,0.039698866,4.6,BCC + Im
-14.56,0.039698866,4.6,BCC + Im
-14.56,0.039698866,4.6,BCC + Im
-14.56,0.039698866,4.6,BCC + Im
-13.6656,0.040764691,4.74,BCC + Im
-13.6656,0.040764691,4.74,BCC + Im
-13.6656,0.040764691,4.74,BCC + Im
-13.6656,0.040764691,4.74,BCC + Im
-5.1292,0.108064795,8.33,FCC + Im
-5.1292,0.108064795,8.33,FCC + Im
-5.1292,0.108064795,8.33,FCC + Im
-5.1292,0.108064795,8.33,FCC + Im
2.5,0.13,4.25,BCC
-14.01996054,0.124723309,3.983957219,BCC
-6.2225,0.131569314,4.1875,BCC
-8.5281,0.132166181,4.1625,BCC
-11.79,0.132898222,4.125,BCC + Im
-13.8336,0.133278806,4.1,BCC + Im
2.5,0.13,4.25,BCC
-14.01996054,0.124723309,3.983957219,BCC
-6.2225,0.131569314,4.1875,BCC
-8.5281,0.132166181,4.1625,BCC
-11.79,0.132898222,4.125,BCC + Im
-13.8336,0.133278806,4.1,BCC + Im
-4.53223594,0.100776138,8.481481481,FCC + Im
-4.53223594,0.100776138,8.481481481,FCC
-7.01,0.11,8.28,FCC
-7.01,0.11,8.28,FCC
-7.01,0.11,8.28,FCC + Im
-13.9748,0.122434105,8.07,FCC + Im
-13.9748,0.122434105,8.07,FCC + Im
-13.9748,0.122434105,8.07,FCC + Im
-13.9748,0.122434105,8.07,FCC + Im
-13.9748,0.122434105,8.07,FCC + Im
-13.9748,0.122434105,8.07,FCC + Im
-13.9748,0.122434105,8.07,FCC + Im
-13.9748,0.122434105,8.07,FCC + Im
-13.9748,0.122434105,8.07,FCC + Im
-10.02975207,0.116865961,8.054545455,FCC + Im
-10.02975207,0.116865961,8.054545455,FCC + Im
-10.02975207,0.116865961,8.054545455,FCC + Im
-10.02975207,0.116865961,8.054545455,FCC + Im
-10.02975207,0.116865961,8.054545455,FCC + Im
-10.02975207,0.116865961,8.054545455,FCC + Im
-10.96,0.046861498,4.6,BCC + Im
-10.96,0.046861498,4.6,BCC + Im
-10.96,0.046861498,4.6,BCC + Im
-10.96,0.046861498,4.6,BCC + Im
-14.77777778,0.122610494,4.166666667,BCC
-6.472337894,0.298721248,4.487804878,BCC + Im
-17.22011898,0.356784662,4.465116279,BCC + Im
-8.62,0.1,4.3,BCC + Im
-8.62,0.1,4.3,BCC + Im
-8.62,0.1,4.3,BCC + Im
-8.62,0.1,4.3,BCC + Im
-8.62,0.1,4.3,BCC + Im
-8.62,0.1,4.3,BCC + Im
-6.472337894,0.261445895,4.487804878,BCC
-17.22011898,0.265227435,4.465116279,BCC + Im
-26.074074070000002,0.267807744,4.444444444,BCC + Im
-33.39067451,0.269467056,4.425531915,BCC + Im
-39.45022907,0.270411629,4.408163265,BCC + Im
-16.36560303,0.254130827,4.581395349,BCC + Im
-31.11815301,0.256563457,4.531914894,BCC + Im
-31.11815301,0.256563457,4.531914894,BCC + Im
-16.36560303,0.254130827,4.581395349,BCC + Im
-31.11815301,0.256563457,4.531914894,BCC + Im
-31.11815301,0.256563457,4.531914894,BCC + Im
-16.25,0.03,4.25,BCC
-16.25,0.03,4.25,BCC
2.72,0.12,4.4,BCC
-3.358024691,0.326262032,4.555555556,BCC
-3.041322314,0.295176093,4.636363636,BCC
-3.75308642,0.325898568,4.666666667,BCC
-2.776859504,0.295444755,4.545454545,BCC
-2.765432099,0.313656256,4.666666667,BCC
-3.438016529,0.304185676,4.545454545,BCC
-3.950617284,0.310439752,4.666666667,BCC
-2.644628099,0.306386565,4.545454545,BCC
-0.25,0.258988417,4.5,BCC
-2.644628099,0.338145159,4.727272727,BCC
-4.16,0.138361844,8,FCC
-5.265344,0.138701498,7.9,FCC
-6.322176,0.138970293,7.8,FCC
-7.816464,0.139241494,7.65,FCC + BCC
-8.290304,0.13929684,7.6,FCC + BCC
-8.752016,0.139334699,7.55,FCC + BCC
-9.2016,0.139355086,7.5,FCC + BCC
-9.639056,0.139358008,7.45,FCC + BCC
-4.888888889,0.290440279,5.333333333,BCC
-4.888888889,0.290440279,5.333333333,BCC
-5.367729531,0.312691537,5.367088608,BCC
-5.753501249,0.329930963,5.399399399,BCC
-6.083027711,0.344459613,5.433427762,BCC
-7.27,0.11,7.88,FCC
-7.27,0.11,7.88,FCC + Im
-7.27,0.11,7.88,FCC + Im
-7.27,0.11,7.88,FCC
-7.27,0.11,7.88,FCC + Im
-7.27,0.11,7.88,FCC + Im
-4.89,0.11,8.33,FCC
-4.89,0.11,8.33,FCC
-4.89,0.11,8.33,FCC
-4.89,0.11,8.33,FCC
-4.89,0.11,8.33,FCC
-4.89,0.11,8.33,FCC
-4.89,0.11,8.33,FCC
-4.89,0.11,8.33,FCC
-4.89,0.11,8.33,FCC
-6.26,0.113643082,7.95,FCC
-6.26,0.113643082,7.95,FCC
-6.26,0.113643082,7.95,FCC
-6.26,0.113643082,7.95,FCC
-0.25,0.117153745,4.5,BCC
-4.702985534,0.306634347,4.947368421,BCC1 + BCC2
-4.777777778,0.314253967,5,BCC1 + BCC2
-6.75,0.13,8.14,FCC + Laves
-3.702479339,0.122359719,8.363636364,FCC + Im
2.314049587,0.09046254,8.909090909,FCC
-15.50094518,0.134073873,7.086956522,BCC
-13.41666667,0.134091594,7.25,BCC
2.72,0.12,4.4,BCC1 + BCC2
2.5,0.100343161,4.5,BCC1 + BCC2
3.111111111,0.041096093,4.666666667,BCC
3.5,0.12,4.5,BCC
-8.44,0.14,8,FCC + Im
-4.777777778,0.119082138,7.833333333,BCC + FCC
-5.632653061,0.140378497,7.714285714,BCC + FCC + Im
-13.79591837,0.142571142,7.285714286,BCC1 + BCC2 + FCC
-7.755102041,0.124997959,7.428571429,BCC + FCC
0.8225,0.07690538,8.9,FCC
-4.16,0.14,8,FCC
-5.82,0.092714616,8.1,FCC
-5.36,0.090138782,8,FCC
-4.9,0.087384209,7.9,FCC + BCC
-4.67,0.085934568,7.85,BCC + FCC
-5.82,0.092714616,8.1,FCC
-5.36,0.090138782,8,FCC
-4.9,0.087384209,7.9,FCC + BCC
-4.67,0.085934568,7.85,BCC + FCC
0.16,0.14,4.4,BCC
-5,0.12,4.75,BCC
-1.6,0.31,4.6,BCC
0.4375,0.134530433,4.25,BCC
1.469387755,0.137410453,4.428571429,BCC
-2.125,0.270497227,4.375,BCC
0.875,0.118215904,4.25,BCC
0.16,0.14,4.4,BCC
-8.16,0.164890873,4.6,BCC + Im
3.111111111,0.041096093,4.666666667,BCC
2.64,0.109859001,4.4,BCC
-0.96,0.121082616,4.5,BCC
-8.16,0.164890873,4.6,BCC + Im
3.111111111,0.041096093,4.666666667,BCC
2.64,0.109859001,4.4,BCC
-0.96,0.121082616,4.5,BCC
-8.16,0.164890873,4.6,BCC + Im
3.111111111,0.041096093,4.666666667,BCC
2.64,0.109859001,4.4,BCC
-0.96,0.121082616,4.5,BCC
-8.16,0.164890873,4.6,BCC + Im
-5.410493827,0.210254842,6.194444444,BCC1 + BCC2
-2.5,0.293001706,6.25,BCC1 + BCC2 + Laves
1.888888889,0.246152806,3.666666667,BCC + Im
-1.92,0.311229819,4.6,BCC
-1.12,0.311152696,4.8,BCC
2.72,0.118253964,4.4,BCC
1.888888889,0.246152806,3.666666667,BCC + Im
-1.92,0.311229819,4.6,BCC
-1.6,0.31,4.6,BCC + Im
-1.12,0.311152696,4.8,BCC
2.72,0.118253964,4.4,BCC
1.888888889,0.246152806,3.666666667,BCC + Im
-1.92,0.311229819,4.6,BCC
-1.6,0.31,4.6,BCC + Im
-1.12,0.311152696,4.8,BCC
2.72,0.118253964,4.4,BCC
1.888888889,0.246152806,3.666666667,BCC + Im
-1.92,0.311229819,4.6,BCC
-1.6,0.31,4.6,BCC + Im
-1.12,0.311152696,4.8,BCC
2.72,0.118253964,4.4,BCC
-3.75,0.1,8.25,FCC
-3.75,0.1,8.25,FCC
-3.75,0.1,8.25,FCC
-3.75,0.1,8.25,FCC
-4.89,0.11,8.33,FCC
-4.89,0.11,8.33,FCC
-4.89,0.11,8.33,FCC
0,0.015,9.5,FCC
-4.16,0.14,8,FCC
-4.1144,0.136417732,8.075,FCC
-3.7232,0.135458481,7.76,FCC + BCC
-4.16,0.14,8,FCC
-3.75,0.1,8.25,FCC + BCC
-4.1144,0.136417732,8.075,FCC + Im
-3.7232,0.135458481,7.76,FCC + BCC + Im
-4.16,0.14,8,FCC + Im
-3.75,0.1,8.25,FCC + Im
-1.42603584,0.128723899,7.6256,FCC + Im
-1.347568351,0.124537702,7.657028514,FCC + Im
-3.05526096,0.128831083,7.4995,FCC + Im
-10.99730873,0.118924761,8.019607843,FCC + Im
-10.99730873,0.118924761,8.019607843,FCC + Im
-12.4432,0.140858085,7.76,FCC + Im
-12.4432,0.140858085,7.76,FCC + Im
-3.75,0.1,8.25,FCC
-3.9,0.11,8.2,FCC
-4.04,0.12,8.14,FCC
-4.153596539,0.127279646,8.093023256,FCC + Im
-4.153596539,0.127279646,8.093023256,FCC + Im
-4.153596539,0.127279646,8.093023256,FCC + Im
-5.82,0.092714616,8.1,FCC
-5.36,0.090138782,8,FCC + BCC + Im
-4.9,0.087384209,7.9,FCC + BCC + Im
-4.67,0.085934568,7.85,FCC + BCC + Im
-4.16,0.138361844,8,FCC
-4.2928,0.120166551,8.5,FCC
-4.2928,0.120166551,8.5,FCC
-4.2928,0.120166551,8.5,FCC
-4.2928,0.120166551,8.5,FCC
-4.2928,0.120166551,8.5,FCC
-6.8576,0.109284766,4.24,BCC
-6.8576,0.109284766,4.24,BCC  + Im
-6.8576,0.109284766,4.24,BCC
-11.94,0.12,7.7,FCC + Im
-7.27,0.11,7.88,FCC
-7.27,0.11,7.88,FCC + Im
-7.27,0.11,7.88,FCC + Im
-7.27,0.11,7.88,FCC + Im
-7.27,0.11,7.88,FCC + Im
-10.99730873,0.118924761,8.019607843,FCC
-1.12,0.311152696,4.8,BCC
2.72,0.118253964,4.4,BCC
2.72,0.118253964,4.4,BCC
-1.6,0.31,4.6,BCC + Im
-12.0861034,0.173422991,7.337941932,FCC + Im
-12.0861034,0.173422991,7.337941932,FCC + Im
-12.0861034,0.173422991,7.337941932,FCC + Im
-9.798,0.148163558,7.38,FCC + Im
-9.798,0.148163558,7.38,FCC + Im
-9.798,0.148163558,7.38,FCC + Im
0.4375,0.134530433,4.25,BCC
0.4375,0.134530433,4.25,BCC
1.469387755,0.137410453,4.428571429,BCC
1.469387755,0.137410453,4.428571429,BCC
-2.125,0.270497227,4.375,BCC
-2.125,0.270497227,4.375,BCC
0.875,0.118215904,4.25,BCC
0.875,0.118215904,4.25,BCC
-8.1781746,0.165555851,7.346191889,FCC
-8.1781746,0.165555851,7.346191889,FCC
-8.1781746,0.165555851,7.346191889,FCC
-8.1781746,0.165555851,7.346191889,FCC
-8.1781746,0.165555851,7.346191889,FCC
-8.1781746,0.165555851,7.346191889,FCC
-8.1781746,0.165555851,7.346191889,FCC
-13.4844,0.14752071,6.98,FCC + Im
-13.4844,0.14752071,6.98,FCC + Im
-13.4844,0.14752071,6.98,FCC + Im
-13.4844,0.14752071,6.98,FCC + Im
-13.4844,0.14752071,6.98,FCC + Im
-13.4844,0.14752071,6.98,FCC + Im
-13.4844,0.14752071,6.98,FCC + Im
-13.4844,0.14752071,6.98,FCC + Im
-13.4844,0.14752071,6.98,FCC + Im
-13.4844,0.14752071,6.98,FCC + Im
-6.5,0.36,5.5,BCC
-6.5,0.36,5.5,BCC
-4.64,0.34,5.4,BCC
-4.64,0.34,5.4,BCC
-4.89,0.11,8.33,FCC + BCC
-4.874118387,0.111272373,8.332225914,FCC
-4.89,0.11,8.33,FCC
-4.16,0.14,8,FCC
-4.89,0.11,8.33,FCC
-4.16,0.14,8,FCC
-4.16,0.14,8,FCC
-4.92,0.22,4.9,BCC1 + BCC2 + Im
-4.92,0.22,4.9,BCC1 + BCC2 + Im
-4.92,0.22,4.9,BCC1 + BCC2 + Im
-16.84,0.22,4.3,BCC1 + BCC2
1.333333333,0.041096093,4.666666667,BCC
2.125,0.084103731,4.625,BCC1 + BCC2 + BCC3
-7.5184,0.130196621,7.71,BCC + FCC + Im
-7.5184,0.130196621,7.71,BCC + FCC + Im
-7.5184,0.130196621,7.71,BCC + FCC + Im
-7.346938776,0.111625792,8.047619048,FCC + Im
-7.346938776,0.111625792,8.047619048,FCC + Im
-7.346938776,0.111625792,8.047619048,FCC + Im
-7.346938776,0.111625792,8.047619048,FCC + Im
-7.346938776,0.111625792,8.047619048,FCC + Im
-7.346938776,0.111625792,8.047619048,FCC + Im
-9.09,0.11,7.67,FCC + BCC
-3.768,0.136373714,7.93,FCC
-3.886419753,0.123693618,8.077777778,FCC
-11.94453931,0.124400344,7.652892562,FCC + BCC + Im
-11.94453931,0.124400344,7.652892562,FCC + BCC + Im
-11.94453931,0.124400344,7.652892562,FCC + BCC + Im
-11.94453931,0.124400344,7.652892562,FCC + BCC + Im
-11.94453931,0.124400344,7.652892562,FCC + BCC + Im
-11.94453931,0.124400344,7.652892562,FCC + BCC + Im
-1.777777778,0.123107902,4.222222222,BCC
-0.4,0.12163881,4.3,BCC
0.52892562,0.119627521,4.363636364,BCC
-1.777777778,0.123107902,4.222222222,BCC
-0.4,0.12163881,4.3,BCC
0.52892562,0.119627521,4.363636364,BCC
-13.75206612,0.040696417,4.727272727,BCC + Im
-13.75206612,0.040696417,4.727272727,BCC + Im
-13.75206612,0.040696417,4.727272727,BCC + Im
-13.75206612,0.040696417,4.727272727,BCC + Im
-6.826618379,0.103645634,8.659574468,FCC
-6.826618379,0.103645634,8.659574468,FCC
-6.826618379,0.103645634,8.659574468,FCC
-6.826618379,0.103645634,8.659574468,FCC
-6.826618379,0.103645634,8.659574468,FCC
-14.63666667,0.12911663,8.091666667,FCC + Im
-14.63666667,0.12911663,8.091666667,FCC + Im
-14.63666667,0.12911663,8.091666667,FCC + Im
-14.63666667,0.12911663,8.091666667,FCC + Im
-14.63666667,0.12911663,8.091666667,FCC + Im
0.980655458,0.114630243,4.099722992,BCC
-0.882,0.1392543,7.46,FCC
-7.5744,0.103058187,7.65,BCC + Im
-7.5744,0.103058187,7.65,BCC + Im
-7.5744,0.103058187,7.65,BCC + Im
-7.5744,0.103058187,7.65,BCC + Im
-7.5744,0.103058187,7.65,BCC + Im
-4.153596539,0.127279646,8.093023256,FCC + Im
-7.27,0.11,7.88,FCC + Im
-7.5744,0.103058187,7.65,FCC + Im
-7.5744,0.103058187,7.65,FCC + Im
-7.5744,0.103058187,7.65,FCC + Im
-7.5744,0.103058187,7.65,FCC + Im
-7.5744,0.103058187,7.65,FCC + Im
-7.5744,0.103058187,7.65,FCC + Im
-7.5744,0.103058187,7.65,FCC + Im
-7.5744,0.103058187,7.65,FCC + Im
-7.5744,0.103058187,7.65,FCC + Im
-3.2,0.309554519,4.6,BCC
-2.602076125,0.297856239,4.764705882,BCC
-2.666666667,0.289524941,4.777777778,BCC
-2.703601108,0.281855742,4.789473684,BCC
-2.72,0.274765354,4.8,BCC
-2.710743802,0.262054817,4.818181818,BCC
-2.666666667,0.250959271,4.833333333,BCC
-2.5,0.306950729,4.75,BCC
-7.27,0.11,7.88,FCC + Im
-7.27,0.11,7.88,FCC + Im
-7.27,0.11,7.88,FCC + Im
-7.27,0.11,7.88,FCC + Im
-0.92,0.132075736,7.6,FCC_PLUS_BCC
-0.92,0.132075736,7.6,FCC_PLUS_BCC
-0.92,0.132075736,7.6,FCC_PLUS_BCC
-0.92,0.132075736,7.6,FCC_PLUS_BCC
-0.92,0.132075736,7.6,FCC_PLUS_BCC
-0.92,0.132075736,7.6,FCC_PLUS_BCC
-7.27,0.11,7.88,FCC + Im
-7.27,0.11,7.88,FCC + Im
-7.27,0.11,7.88,FCC + Im
-7.27,0.11,7.88,FCC
-7.27,0.11,7.88,FCC
-7.27,0.11,7.88,FCC + Im
-7.27,0.11,7.88,FCC + Im
-7.27,0.11,7.88,FCC
-7.27,0.11,7.88,FCC + Im
1.888888889,0.246152806,3.666666667,BCC
-13.75,0.117553179,7.5,BCC
2.375,0.103855368,4.375,BCC1 + BCC2 + BCC3
2.44,0.100869966,4.45,BCC
2.36,0.101354576,4.4,BCC
2.26,0.101797593,4.35,BCC
2.14,0.10219956,4.3,BCC
-17.44,0.11,4.2,BCC
-16.75193337,0.052617394,4.243902439,BCC + Im
-17.38408304,0.070332871,4.235294118,BCC + Im
-18.17283951,0.089083121,4.222222222,BCC + Im
-17.44,0.11,4.2,BCC + Im
-19.30578512,0.121437669,4.181818182,BCC + Im
-17.44,0.11,4.2,BCC
-16.75193337,0.052617394,4.243902439,BCC + Im
-17.38408304,0.070332871,4.235294118,BCC + Im
-18.17283951,0.089083121,4.222222222,BCC + Im
-17.44,0.11,4.2,BCC + Im
-19.30578512,0.121437669,4.181818182,BCC + Im
-12.32,0.12,7.2,BCC + FCC + Im
-12.32,0.12,7.2,BCC
-12.32,0.12,7.2,BCC + FCC + Im
-12.32,0.12,7.2,BCC + FCC + Im
-10.74380165,0.121865662,8.090909091,BCC
-11.5,0.11,6.5,FCC
-12.32,0.12,7.2,FCC + BCC
-7.14,0.1,7.5,FCC + BCC
-8.55,0.1,7.38,FCC + BCC
-6.26,0.113643082,7.95,FCC
-4.89,0.11,8.33,FCC
-4.89,0.11,8.33,FCC
-4.89,0.11,8.33,FCC
-4.89,0.11,8.33,FCC
-4.16,0.14,8,FCC
-4.16,0.14,8,FCC
-4.16,0.14,8,FCC
-4.16,0.14,8,FCC
-4.16,0.14,8,FCC
-4.16,0.14,8,FCC
-4.16,0.14,8,FCC
-4.16,0.14,8,FCC
-4.16,0.14,8,FCC
-4.16,0.14,8,FCC
-4.16,0.14,8,FCC
-4.16,0.14,8,FCC
-4.16,0.14,8,FCC
-4.16,0.14,8,FCC
-4.16,0.14,8,FCC
-4.16,0.14,8,FCC
-4.16,0.14,8,FCC
-4.16,0.14,8,FCC
-4.16,0.14,8,FCC
-4.16,0.14,8,FCC
-4.16,0.14,8,FCC
-4.16,0.14,8,FCC
-4.16,0.14,8,FCC
-4.16,0.14,8,FCC
-4.16,0.14,8,FCC
-4.16,0.14,8,FCC
-0.25,0.050682837,4.75,BCC
2.72,0.12,4.4,BCC
-0.25,0.12,4.5,BCC
-17.44,0.11,4.2,BCC
-1,0.206514981,5.125,FCC
-4.16,0.14,8,FCC
-4.16,0.14,8,FCC
-4.16,0.14,8,FCC + Im
-0.7424,0.100828766,3.24,FCC + Im
-0.975476,0.102267781,3.243,FCC + Im
-1.203718853,0.103531114,3.245264207,FCC + Im
-1.429225838,0.10476355,3.247514911,FCC + Im
-1.652033581,0.105966377,3.24975223,FCC + Im
0.8225,0.07690538,8.9,FCC
-3.75,0.1,8.25,FCC
-4.457025,0.142748021,8.0925,FCC
-2.93877551,0.38134563,4.857142857,BCC1 + BCC2
-2.93877551,0.38134563,4.857142857,BCC1 + BCC2
-2.93877551,0.38134563,4.857142857,BCC1 + BCC2
2.72,0.12,4.4,BCC
2.72,0.12,4.4,BCC
2.72,0.12,4.4,BCC
2.72,0.12,4.4,BCC
-3.222222222,0.354483192,4.666666667,BCC1 + BCC2
-3.222222222,0.354483192,4.666666667,BCC1 + BCC2
-3.222222222,0.354483192,4.666666667,BCC1 + BCC2
-2.56,0.24,5,BCC  + Im
3.2,0.09,8.8,FCC
3.2,0.09,8.8,FCC
3.2,0.09,8.8,FCC
3.2,0.09,8.8,FCC
3.2,0.09,8.8,FCC
3.2,0.09,8.8,FCC
-3.52,0.129830659,7.4,FCC + BCC
-1.6,0.134551106,7.65,FCC + FCC + BCC
0.08,0.138072445,7.9,FCC + FCC + BCC
1.52,0.140484875,8.15,FCC + FCC + BCC
2.72,0.14,8.4,FCC + FCC + BCC
2.72,0.14,8.4,FCC + FCC + BCC
3.2,0.092217135,8.8,FCC+ FCC
2.72,0.14,8.4,FCC + FCC +  Im
4.16,0.136323146,8.2,FCC + FCC + BCC
-17.92,0.13,6.91,BCC
-3.537414966,0.148759039,8.142857143,FCC
-3.259259259,0.192642444,8,FCC + Im
2.5,3.92,4.5,BCC1 + BCC2
1.26,3.81,4.575,BCC1 + BCC2
0.135,3.7,4.65,BCC1 + BCC2
-0.87,3.57,4.725,BCC1 + BCC2
-1.76,3.44,4.8,BCC1 + BCC2
-12.32,0.12,7.2,BCC
-12.32,0.12,7.2,BCC
-12.32,0.12,7.2,BCC  + Im
-12.32,0.12,7.2,BCC  + FCC + Im
-12.32,0.12,7.2,BCC  + FCC + Im
-12.32,0.12,7.2,BCC  + FCC + Im
-4.89,0.11,8.33,FCC
-2.650887574,0.13887545,8.076923077,FCC + BCC
3.111111111,0.041096093,4.666666667,BCC
2.666666667,0.129614814,4.333333333,BCC
3.5,0.12,4.5,BCC
3.5,0.12,4.5,BCC
3.5,0.12,4.5,BCC
3.5,0.12,4.5,BCC
3.5,0.12,4.5,BCC
2.72,0.12,4.4,BCC
2.72,0.12,4.4,BCC
2.72,0.12,4.4,BCC
2.72,0.12,4.4,BCC
-4.89,0.11,8.33,FCC
-4.89,0.11,8.33,FCC
-4.89,0.11,8.33,FCC
-4.89,0.11,8.33,FCC
-4.89,0.11,8.33,FCC
-4.89,0.11,8.33,FCC
-4.89,0.11,8.33,FCC
-4.89,0.11,8.33,FCC
-4.16,0.14,8,FCC
-7.04,0.355662762,5,BCC + Laves
-7.04,0.355662762,5,BCC + Laves
-7.04,0.355662762,5,BCC + Laves
-7.04,0.355662762,5,BCC + Laves
-13.9748,0.122434105,8.07,FCC + Im
-13.9748,0.122434105,8.07,FCC + Im
-13.9748,0.122434105,8.07,FCC + Im
-13.9748,0.122434105,8.07,FCC + Im
-13.9748,0.122434105,8.07,FCC + Im
-13.9748,0.122434105,8.07,FCC + Im
-13.9748,0.122434105,8.07,FCC + Im
-13.9748,0.122434105,8.07,FCC + Im
-14.2653,0.126940685,8.075,FCC + Im
-14.2653,0.126940685,8.075,FCC + Im
-14.2653,0.126940685,8.075,FCC + Im
-14.2653,0.126940685,8.075,FCC + Im
-14.2653,0.126940685,8.075,FCC + Im
-17.44,0.11,4.2,BCC + Im
-12.32,0.12,7.2,BCC + Im
-4.64,0.34,5.4,BCC  + Im
-4.64,0.34,5.4,BCC  + Im
-4.64,0.34,5.4,BCC  + Im
-4.16,0.14,8,FCC + Im
-17.92,0.13,6.91,BCC + Im
-4.16,0.138361844,8,FCC
-4.76,0.116510729,8.35,FCC
-4.76,0.116510729,8.35,FCC
-4.84,0.118299408,8.45,FCC
-4.005,0.118417693,8.35,BCC
-11.27873016,0.132894994,7.666666667,BCC + Im
-9.7426,0.131911296,7.91,BCC + Im
-10.0974,0.13300812,7.92,BCC + Im
-13.91608889,0.133739693,7.656666667,FCC + Im
-13.68622222,0.132645576,7.646666667,FCC + Im
-0.96,0.138289551,7.5,FCC
-0.96,0.138289551,7.5,FCC
-0.96,0.138289551,7.5,FCC
-2.716658499,0.189878646,7.912175649,FCC
-2.716658499,0.189878646,7.912175649,FCC
-2.716658499,0.189878646,7.912175649,FCC
-5.0098336,0.206948439,7.868,FCC
-5.0098336,0.206948439,7.868,FCC
-5.0098336,0.206948439,7.868,FCC
2.72,0.14,8.4,FCC1 + FCC2 + BCC
2.72,0.14,8.4,FCC1 + FCC2 + BCC
2.72,0.14,8.4,FCC1 + FCC2 + BCC
2.72,0.14,8.4,FCC1 + FCC2 + BCC
2.72,0.14,8.4,FCC1 + FCC2 + BCC
2.72,0.14,8.4,FCC1 + FCC2 + BCC
-17.9925,0.202181694,7.25,FCC + BCC + Im
-12.88888889,0.146969385,6.666666667,BCC1 + BCC2 + FCC + Im
-3.777777778,0.137042167,7.333333333,BCC1 + BCC2 + FCC
-2.7,0.16,3.46,FCC + Im
-2.52,0.16,3.51,FCC + Im
-2.3,0.15,3.55,FCC + Im
-3.5556,0.1508,8.3333,IM
-1.8935,0.1168,11.6154,IM
-4.8,0.0588,6.2,IM
-3.75,0.052,9,IM
-7.5,0.2685,4.25,IM
-0.75,0.1516,10.25,IM
-3,0.052,9.5,IM
-1.75,0.0397,10.25,IM
-2.25,0.013,9.25,IM
-1.92,0.012,9.6,IM
-1.6667,0.0112,9.8333,IM
-1.5,0.1689,5.75,IM
-3,0.1212,11.75,IM
-20,0.3,7.5,IM
0,0.1146,3,IM
0,0.2027,3,IM
-15.8678,0.2717,2.2727,IM
-12.8,0.244,2.8,IM
-25.5918,0.2011,3,IM
-33.7778,0.231,3,IM
-38,0.245,3,IM
-13.6747,0.1145,4.4118,IM
-15.5102,0.122,4.7143,IM
-11.3058,0.1041,4.0909,IM
-19,0.135,6,IM
-4.6598,0.0171,3.4038,IM
-0.8889,0.1367,5.6667,IM
-0.9796,0.1435,6.4286,IM
-0.9877,0.1441,7.4444,IM
-33.7778,0.1744,3,IM
-9.7778,0.1037,4.6667,IM
5.25,0.0736,3,IM
-33.7778,0.2404,3,IM
-38,0.255,3,IM
-3.4083,0.2908,1.6154,IM
-1.9405,0.1478,2.4138,IM
-1.92,0.147,2.6,IM
-14.8622,0.0265,4.0667,IM
-16.8889,0.0283,4.3333,IM
-12.16,0.024,3.8,IM
-9.3061,0.021,3.5714,IM
-17.9882,0.0292,4.5385,IM
-18.81,0.0298,5.2,IM
-19,0.03,5,IM
-5,0.275,4.5,IM
-38,0.235,3,IM
-22,0.15,6.5,IM
-8,0.1367,5.6667,IM
-15.1142,0.2503,4.1765,IM
-18.6667,0.2781,4.6667,IM
-20.16,0.289,5,IM
1.02,0.1571,3.3,IM
2,0.22,4,IM
-25.5918,0.1805,3,IM
-33.7778,0.2074,3,IM
-22.5,0.0303,3.25,IM
-30,0.035,3.5,IM
-12,0.0087,3.5,IM
-15.1479,0.0097,3.7692,IM
-15,0.2208,3,IM
-42.24,0.1372,3.6,IM
-33,0.1212,3.25,IM
-43.102,0.1386,3.5714,IM
0,0.3615,3.5,IM
1.7778,0.2451,9,IM
-9,0.32,11,IM
-6.75,0.2771,11,IM
-16.8889,0.3441,5.6667,IM
-10.56,0.3723,7.8,IM
1.7778,0.099,8.6667,IM
1.7778,0.099,6.3333,IM
1.5,0.0909,5.75,IM
-3.5556,0.231,7,IM
-3.6,0.174,10.3,IM
-10,0.29,7.5,IM
-8.8889,0.2734,6.3333,IM
-6.4,0.232,5.4,IM
-15.36,0.064,4.2,IM
-21.3333,0.0754,7,IM
-27.5556,0.1791,5,IM
-21.3333,0.0613,7.6667,IM
-18,0.0563,8.25,IM
-18.75,0.013,2.75,IM
-11.3019,0.0092,2.2105,IM
-26.6667,0.0141,2.6667,IM
-9.6,0.3478,3.2,IM
0,0.1421,4.3,IM
-7.2222,0.3354,9.5,IM
-5.8367000000000004,0.1674,11.2857,IM
4.2604,0.0885,11.7692,IM
5.8776,0.1039,11.4286,IM
-4.5,0.1645,9.5,IM
-6,0.19,7,IM
-4.5,0.1645,4.5,IM
0,0.0776,4.7273,IM
0,0.0392,7,IM
-28,0.17,6.5,IM
-13.44,0.1225,6.6,IM
-5,0.115,10.5,IM
-1,0.085,7,IM
1.0414,0.0397,6.8462,IM
-27.75,0.1039,5.5,IM
-32.8889,0.1131,4.6667,IM
-13.44,0.312,9.4,IM
-11.6667,0.2907,9.6667,IM
-22,0.34,7,IM
-23,0.33,7,IM
-8.625,0.0476,9.25,IM
-11.4916,0.2467,9.4923,IM
9.9,0.0597,7.4,IM
8.8889,0.0566,8.3333,IM
6.4,0.048,9.4,IM
8.5207,0.0554,8.5385,IM
-2.6667,0.2781,8,IM
-2.6667,0.2781,5,IM
6.2222,0.0707,9,IM
5.25,0.065,9.5,IM
-13.8624,0,9.32,IM
4.9704,0.0253,9.3846,IM
3.57,0.0214,9.95,IM
-8,0.1697,8.6667,IM
-8.64,0.1764,8.2,IM
-8.8163,0.1782,8,IM
-15.5475,0.2343,9.4923,IM
-23,0.285,7.5,AM
-65.6327,0.4107,3.8571,IM
-62.8125,0.4018,3.75,IM
-31.1111,0.033,6.6667,IM
-35,0.035,6,IM
0,0.2596,7.2,IM
-58.6667,0.3488,3.3333,IM
-5.3333,0.4997,5.3333,IM
-3,0.295,6.5,AM
-3.5556,0.2828,4.6667,IM
-4,0.3,6,AM
-3.5556,0.2828,7.3333,IM
-19.5918,0.3114,3.1429,IM
-5.3333,0.066,2.3333,IM
-4.5,0.0606,2.25,IM
-1.5069,0.1105,2,IM
-3.5556,0.1603,8.6667,IM
-26.25,0.1126,5.5,IM
-32.8125,0.1259,5.25,IM
-31.1111,0.1226,4.6667,IM
1.5918,0.1854,11.2143,IM
-30,0.155,7.5,AM
-3,0.0217,8.5,IM
-3.9184,0.0247,6.5714,IM
-41.25,0.1299,8.5,AM
-32.472,0.1153,8.92,AM
-10.45,0.0654,9.7,AM
-33,0.2901,8.25,IM
-41.25,0.3244,7.375,IM
-39.1111,0.3158,5.3333,IM
-66.6122,0.4107,3.8571,IM
-63.75,0.4018,3.75,IM
-68,0.415,4,IM
-42.6667,0.1273,4.3333,IM
0,0.2642,7.0769,IM
-49,0.29,7,AM
-76.44,0.3987,5.8,AM
0,0.105,4,AM
-18.5714,0.1023,7.2857,IM
-19.6,0.1112,7.9,IM
-6.5556,0.018,3,IM
-26.6667,0.0287,3,IM
-34.88,0.3287,3.2,IM
-5.4,0.1299,5.2,IM
-14.5625,0.0942,4.25,IM
-12.9936,0.1199,3.546,AM
-2.4499,0.1037,3.1304,IM
-19.0476,0.1109,3.7619,IM
-7.31,0.1142,3.85,AM
-2.0178,0.2087,6.2308,IM
-2.25,0.2086,4.75,IM
-2.1818,0.1831,3.3636,IM
-2.4844,0.2148,4.125,IM
-2.6667,0.2409,5.3333,IM
-7.1893,0.0815,4.0769,IM
-3.25,0.1614,8,IM
-9.8339,0.1474,6.7049,IM
-8.4444,0.1391,8,FCC+B2
-20.1875,0.1067,4.25,IM
-12.5,0.1644,7.25,IM
-10.4742,0.1323,3.45,AM
-23.5592,0.0747,3.697,IM
-24.75,0.1092,4.5,IM
-21.5,0.1299,5.75,IM
-20.48,0.1314,4.1,AM
-33.4592,0.2296,7.64,IM
5.28,0.1452,3.3,IM
-3.4133,0.286,2.2,IM
6.5306,0.3989,2.4286,IM
-27.1406,0.123,4.1875,IM
-36.8889,0.1528,4.6667,IM
-31.686,0.1513,6.7727,IM
-20.3125,0.1562,8.5,IM
-36,0.1693,6.75,IM
-14.0976,0.1261,3.637,AM
-14.9032,0.1281,3.35,AM
-15.94,0.1125,3.75,AM
-33.92,0.2707,4.5333,IM
-9.3333,0.3546,9,IM
-4.7347,0.2099,6.7143,IM
-22.1358,0.2271,7.2222,IM
-16.2222,0.352,7.5,IM
-10.1593,0.0762,7.1379,IM
-31.04,0.1031,5.4,IM
-28,0.1147,6,IM
-45.25,0.1797,5,IM
-41.44,0.1716,4.6,IM
-12.6706,0.0727,7.4828,IM
-19.5767,0.0967,7.4828,IM
-27.84,0.192,5.4,IM
-45.4444,0.2398,6.1667,IM
-41.1111,0.4064,3.8333,IM
-30.0247,0.2687,5.2222,IM
-6.0069,0.2321,7.1176,IM
-26.5398,0.1701,8.1379,IM
-13.38,0.062,8.25,IM
-4.16,0.07,7.9,IM
-14.88,0.1955,7.8,IM
-17.8074,0.1115,8.3448,IM
-31.68,0.093,5.6,IM
-13.2699,0.0593,8.2069,IM
-14.1546,0.0524,8.1379,IM
-46.25,0.2215,5.25,IM
-23.258,0.1228,8.2069,IM
-28.6516,0.1324,7.931,IM
-28.2235,0.1629,8.1379,IM
-26.24,0.4142,3.2,IM
0.8889,0.3103,6,IM
-12.8,0.2526,6.4,IM
-18.2222,0.2974,5.6667,IM
-40.7901,0.3931,3.037,IM
-32.3756,0.4305,2.823,IM
-9.124,0.2184,4.7273,IM
-14.26,0.2603,4,AM
-4,0.3914,3.8333,IM
-11.6,0.3353,6.6,IM
-4.6,0.1778,7.5,IM
-4.8889,0.1115,8.3333,FCC
-1.3333,0.033,9,FCC
-5.7778,0.1631,8.6667,FCC
-1.3698,0.1558,7.2414,IM
-4.4444,0.1042,8,FCC
-6.72,0.1841,7.6,IM
-16.875,0.4167,6.75,IM
-22.625,0.489,4.25,IM
8.2222,0.0728,5.8333,IM
-5.3333,0.3194,6,IM
-16.6849,0.239,7.4483,IM
-14.72,0.236,7.8,IM
0.7778,0.2254,8.3333,IM
-17.7778,0.1721,8.3333,IM
-10.2222,0.1506,9,IM
-24.76,0.2774,7.45,AM
-24.1616,0.2806,7.47,AM
-25.0561,0.2716,7.525,AM
-24.3725,0.2763,7.625,AM
-24.2434,0.2759,7.674,AM
-23.8076,0.2781,7.745,AM
-23.87,0.2745,7.8,AM
-23.1197,0.269,8.007,AM
-22.5945,0.2723,8.136,AM
-22.5895,0.2724,8.137,AM
-22.3342,0.2736,8.196,AM
-18.72,0.26,8.2,AM
-1.3333,0.033,9,FCC
-7.6132,0.1395,7.62,BCC
-4.4444,0.1543,8.3333,FCC
-10.8556,0.1224,7.5,BCC
-10.7276,0.1362,7.52,BCC
-34.4704,0.2791,4.2,AM
-30.34,0.3322,4.6,AM
-25.2448,0.333,4.6,AM
-37.18,0.3353,4.4,AM
-2.5019,0.1572,5.3272,IM
-5.71,0.2638,4.35,AM
-5.71,0.262,4.35,AM
-8.02,0.2596,3.75,AM
-6.9,0.2328,3.35,AM
-5.4,0.2271,3.3,AM
-4.4,0.1925,2.9,AM
-10.0833,0.2736,8.0833,IM
-16.2222,0.3052,7.5,IM
-6.4,0.2459,3.7,AM
-12.4444,0.0499,7.6667,HCP
-9.72,0.3169,4.5,AM
-43.47,0.2615,6.7,AM
-47.86,0.2714,7.375,AM
-31.4889,0.1253,9.07,AM
-32.1604,0.1262,9.04,AM
-30.8064,0.1243,9.1,AM
-34.8976,0.1421,8.66,AM
-22.848,0.134,9,AM
-27.075,0.1026,8.75,AM
-2.6612,0.1951,7.8182,IM
-11.16,0.2785,4.5,AM
-44.7568,0.2525,5.48,AM
-48.54,0.2468,5.35,AM
-8,0.1246,8.25,FCC+BCC
-6.0592,0.077,8.5385,FCC
-9.4694,0.0971,8.1429,FCC+BCC
-11.9467,0.1094,7.8,FCC+BCC
-13.75,0.1176,7.5,BCC
0.5,0.119,7,IM
-4.8879,0.0991,7.4444,2BCC
-5.4688,0.1005,7.375,2BCC
-6.5197,0.103,7.2424,IM
-7.4394,0.105,7.1176,IM
-11.1111,0.1164,7.5,IM
-13.25,0.1221,6.75,BCC
-7.625,0.1136,7.5,AM
-23.25,0.1669,7,FCC
-9.798,0.1482,7.38,IM
-16.25,0.0335,4.25,BCC
-14.4736,0.134,3.56,AM
-21.4864,0.3177,9.6,AM
-20.6349,0.3157,9.822,AM
-21.5568,0.3282,4.7,AM
-26.56,0.357,5.3,AM
-30.6,0.3429,4.85,AM
-28.135,0.335,4.675,AM
-25.12,0.3238,4.5,AM
6.25,0.0944,8.5,FCC
-0.96,0.1383,7.5,FCC
-4.32,0.1076,7.8,FCC
-3.75,0.0967,8.25,FCC
-5.5,0.1505,8,FCC
5,0.0308,9.5,FCC
-4,0.1429,8.5,FCC
-11.8343,0.0325,8.6154,FCC
-19.4286,0.0319,8.2857,FCC+IM
-24.96,0.0314,8,FCC+IM
-20.75,0.1471,7.75,NA
-10.5,0.1092,8,FCC
-1.5,0.1452,8,HCP
-34.5,0.0779,6,AM
-26.5718,0.127,6.69,AM
-27.7244,0.1711,7.31,AM
-20.2084,0.147,6.53,AM
-20.0244,0.1476,6.38,AM
-19.7604,0.1474,6.23,AM
-4.1685,0.1453,7.9126,FCC
-2.125,0.1308,7.5,BCC+√Ø¬Å¬≥
-5,0.1244,4.75,BCC+Laves
-5,0.1244,4.75,BCC+IM
-1.9286,0.1676,9.1071,FCC+IM
-0.9489,0.1675,9.2241,FCC
-0.1837,0.1675,9.1429,FCC+IM
-0.0904,0.1675,9.2414,FCC+IM
-1.68,0.164,9.6,FCC
-1.3254,0.1649,9.5385,FCC
5,0.0308,9.5,FCC
-18.0096,0.2426,8.14,AM
-15.4404,0.2141,7.77,AM
-15.0528,0.2113,7.84,AM
-24.6744,0.2763,7.43,AM
-24.8776,0.2814,7.1,AM
-17.28,0.2643,8.2,AM
-20.8872,0.2494,7.58,AM
-19.0632,0.1202,7.105,AM
-17.5048,0.0871,7.09,AM
-6.9761,0.1548,7.7742000000000004,IM
-14.7701,0.097,8.4889,AM
-25.0044,0.1442,7.07,AM
-27.5584,0.29,4.2,AM
-34.3168,0.2765,4.2,AM
-34.2784,0.2758,4.2,AM
-34.4128,0.2781,4.2,AM
-28,0.3189,5.3,AM
3.5,0.1232,4.5,BCC
2.5,0.1297,4.25,BCC
-33.9328,0.2668,4.2,AM
-33.6,0.3338,4.5,AM
-35.35,0.3345,4.45,AM
-31.93,0.333,4.55,AM
-8.4484,0.2957,5.26,AM
-7.69,0.2673,4.35,AM
-5.86,0.2647,4.3,AM
-7.2164,0.2775,4.73,AM
-6.27,0.2274,4.45,AM
-3.25,0.2571,5.25,BCC
-6.5,0.3637,5.5,BCC
-2.75,0.2489,5,BCC
-2.0622,0.3109,4.8,IM
-2.5,0.307,4.75,BCC
-8.75,0.0436,8.25,HCP
-6.5,0.3637,5.5,BCC
-0.25,0.0507,4.75,BCC
-4.5,0.3426,5.25,BCC
-3.2691,0.2691,5,BCC
0.0694,0.1211,4.625,BCC
-1.1243,0.1888,4.7308,BCC
-1.9898,0.2252,4.8214,BCC
-2.6222,0.2481,4.9,BCC
-3.6728,0.281,5.0833,BCC
-3.8504,0.2858,5.1316,BCC
1.4325,0.1175,4.3939,BCC
-1.28,0.1129,4.6,BCC
-0.25,0.1172,4.5,BCC
-27.52,0.3475,5.3,AM
-33.76,0.2121,7.2,AM
-32.0864,0.1828,7.5556,AM
-33.14,0.1945,7.2,AM
-33.43,0.2124,7.5,AM
-32.74,0.1936,7.5,AM
-32.96,0.1968,7.7,AM
-33.06,0.2135,7.75,AM
-32.28,0.1939,7.75,AM
-32.4,0.211,7.8,AM
-33.16,0.2287,7.8,AM
-31.64,0.1909,7.8,AM
-27.2232,0.1297,8.67,AM
-45.41,0.2418,6.6,AM
-45.3036,0.2461,6.62,AM
-45.3014,0.2373,6.6139,AM
-41.7726,0.2444,7.485,AM
-42.8506,0.2498,7.465,AM
-43.9414,0.2549,7.445,AM
-45.045,0.2599,7.425,AM
-46.1614,0.2646,7.405,AM
-42.4704,0.2539,7.63,AM
-43.0104,0.2565,7.62,AM
-42.4148,0.2543,7.68,AM
-42.07,0.2544,7.7,AM
-42.1864,0.2575,7.76,AM
-43.378,0.2743,8.02,AM
-43.12,0.2666,7.84,AM
-42.688,0.2605,7.72,AM
-27.52,0.3522,5.3,AM
-48.8163,0.4056,5.7143,IM
-12.9088,0.3652,3.84,AM
-9.76,0.3692,3.8,AM
-4.6048,0.3716,3.74,AM
-34.5664,0.3091,4.2,AM
-16.5552,0.1836,7.14,AM
-19.61,0.1854,6.95,AM
-2.5,0.307,4.75,BCC
-34.9248,0.2515,4.2,AM
-32.2175,0.2538,5.75,AM
-35.4448,0.2505,5.6,AM
-39.2688,0.2513,5.55,AM
-32.352,0.2468,5.57,AM
-30.57,0.2649,6.3,AM
2.7474,0.1053,8.1163,FCC
0.8889,0.1104,7.8889,FCC
-1.3542,0.1158,7.5833,FCC+BCC
-4.0299,0.1213,7.1509,FCC+BCC
-4.8264,0.1226,7,FCC+BCC
-5.8026,0.124,6.7931,FCC+BCC
-6.3333,0.1246,6.6667,FCC+BCC
-6.9841,0.1251,6.4921,FCC+BCC
-7.3373,0.1252,6.3846,FCC+BCC
-7.7682,0.1252,6.2353,BCC
-8,0.1251,6.1429,BCC
-6.1235,0.117,7,FCC+B2
-2.56,0.1184,7.4,FCC+BCC
-10.1728,0.1311,7.4444,SS
-6.56,0.1295,7.8,FCC+BCC
-10.2716,0.1683,6.4444,BCC+IM
-7.2688,0.1075,7.8837,FCC+L12
-11.943,0.1204,7.7049,FCC+B2
-5.0446,0.1009,8.122,FCC
-6.7543,0.106,7.9412,FCC
-7.9935,0.1096,7.8,FCC
-8.5788,0.1112,7.7297,FCC+B2+Unk
-8.2231,0.1102,7.7727,FCC
-9.0864,0.1125,7.6667,FCC+BCC
-10.903,0.1172,7.4211,FCC+BCC
-11.3975,0.1192,7.2,FCC+BCC+B2
-10.5749,0.1164,7.4681,BCC+FCC+B2
-11.6555,0.119,7.3077,BCC
-11.2153,0.118,7.375,BCC+FCC+B2
-11.7951,0.1194,7.2857,BCC+B2
-13.424,0.123,7,BCC
-13.2249,0.1226,7.0385,BCC+B2
-14.281,0.1247,6.8182,BCC
-15.0535,0.126,6.6207,BCC+B2
-15.5774,0.1268,6.4539,BCC+B2
-16.0947,0.1272,6.2308,BCC
-15.4444,0.1266,6.5,BCC
-16.4082,0.1271,6,BCC
-11,0.1185,7,IM
-12.32,0.1206,7.2,FCC+BCC
-17.4253,0.1164,7.8986,FCC+L10+L12
-19.75,0.1434,7.125,IM
-4.9433,0.1189,8.0476,FCC+B2
-5.1358,0.116,8.1111,FCC+B2
-5.2893,0.1074,8.2727,FCC+B2
-5.2222,0.1037,8.3333,FCC+B2
-4.9796,0.0973,8.4286,FCC
-8.6914,0.1146,7.8889,BCC+FCC
-5.28,0.1115,8.2,FCC+BCC
-7.04,0.1316,9,IM
-12.7407,0.1567,7.3333,IM
-18.35,0.1305,7.6,FCC+B2+Unk
-26.4,0.15,6.8,BCC
-25.827,0.1496,7.16,IM
-17.52,0.1162,7.9,IM
-19.46,0.1297,7.05,IM
6.24,0.2057,6,IM
4.0494,0.178,6.4444,IM
-2.5124,0.1131,8.4545,FCC
-9.6327,0.1324,7.2857,IM
-7.7037,0.1241,7.2222,SS
2.3129,0.1079,8.4762,FCC
0.1183,0.104,8.7692,FCC
-0.8259,0.1074,8.6604,IM
0.2893,0.1137,8.2273,FCC
-1.701,0.1104,8.5556,FCC
-0.5926,0.1161,8.1111,FCC
-3.2653,0.1155,8.3571,FCC
-2.1367,0.12,7.8936,FCC
-2.8125,0.1215,7.7917,BCC+FCC
-4.6136,0.1196,8.1724,FCC
-3.4319,0.1229,7.6939,BCC+FCC+B2
-5,0.1262,7.4231,BCC+FCC+B2
-6.7846,0.1257,7.8387,FCC+BCC
-6.2149,0.1283,7.1818,BCC+B2
-8.0473,0.1289,7.6154,IM
-7.1581,0.1296,6.9655,BCC+B2
-7.6667,0.1302,6.8333,BCC+B2
-8.0957,0.1306,6.7097,BCC+B2
-8.6154,0.1308,6.5385,BCC+B2
-4,0.1242,7.6,FCC+BCC
-2.6843,0.1233,7.3913,FCC+BCC
-3.4028,0.1239,7.5,FCC+BCC
-4.497,0.1242,7.6923,FCC+BCC
-4.9108,0.1241,7.7778,FCC+BCC
-5.7778,0.123,8,FCC+BCC
-5.5057,0.1297,7.186,FCC+BCC
-7.2593,0.1288,7,BCC
-9.3229,0.1272,6.75,BCC
-10.5752,0.1468,7.222,IM
-12.6531,0.1474,6.7143,BCC+B2
-11.1458,0.1884,6.625,IM
-10.72,0.1962,6.6,IM
-10.72,0.1962,6.6,BCC+IM
-12.6531,0.1474,6.7143,BCC
-11.8519,0.1722,6.6667,BCC
-11.1458,0.1884,6.625,BCC+IM
-23.8,0.1475,6.95,IM
-9.5868,0.1178,7.31,IM
-14.88,0.0462,5,IM
-13.6,0.2262,4.8,BCC
-34.08,0.2278,4.6,IM
-10.96,0.0469,4.6,IM
-15.4074,0.0376,4.4444,BCC
-13.7521,0.0407,4.7273,BCC+IM
-14.56,0.0397,4.6,BCC+IM
-37.92,0.1225,4.4,IM
-20,0.1134,4.4,AM
-20.32,0.1188,4.4,IM
-19.955,0.1578,6.975,FCC
-19.955,0.1578,6.975,FCC
-17.6,0.1535,7.2,FCC
-3.6523,0.3087,3.6875,IM
-1.14,0.1665,3.7,FCC+C16+IM
-1.14,0.1665,3.7,FCC+IM
-3.3008,0.2598,4.2813,IM
-22.88,0.2362,5,IM
-0.4,0.2254,2.8,HCP
-0.4,0.2254,2.8,FCC+HCP
-0.53,0.1727,3.35,A5+FCC+D02+IM
-0.53,0.1727,3.35,FCC+IM
-3.8867,0.2667,3.8438,FCC+IM
-6.08,0.3325,4.4,FCC+HCP+IM
-15.52,0.035,4.8,IM
-6.2561,0.2432,4.8824,BCC
-8.9877,0.2378,4.7778,BCC
-11.1247,0.2328,4.6842,BCC
-12.8,0.228,4.6,BCC
-4.8166,0.0502,4.6471,BCC
-8.3951,0.0496,4.5556,BCC
-13.44,0.0484,4.4,BCC
-4.4096,0.1032,4.34,BCC
-15.12,0.0811,4.2,BCC
-16.16,0.1013,4.2,IM
-21.5537,0.1068,4.0909,IM
-18.7654,0.0885,4.1111,IM
-17.44,0.1102,4.2,IM
-14.88,0.1626,3.8,AM
-21.8773,0.3037,9.545,AM
-9.7329,0.1082,7.9042,IM
-10.9625,0.1104,7.8261,IM
-22.0584,0.3496,5.215,AM
-19.86,0.3254,4.6,AM
4.16,0.1363,8.2,FCC+FCC
0.4938,0.0946,8.5556,FCC
3.2,0.0922,8.8,FCC
-9.6875,0.2011,7.75,AM
-19.52,0.2253,7.4,IM
-4.04,0.1464,7.8,FCC+IM
-3.5062,0.118,8.4444,FCC
-4.1152,0.1364,8.0741,FCC
-3.5788,0.1429,8.26,FCC
-4.0741,0.1332,8.1667,FCC
-4.0741,0.1149,8.0556,FCC
-3.7232,0.1355,7.76,FCC
-4.8395,0.1298,8.3333,FCC
-4.16,0.1384,8,FCC
-4.1536,0.1273,8.093,FCC
-4.3457,0.1405,8,FCC+IM
-4.5743,0.1563,7.8557,FCC+√è∆í+D85
-4.64,0.1612,7.8,IM
-5.473,0.1015,8.1684,FCC+IM
-6.2766,0.1036,8.1288,FCC+IM
-7.0248,0.1056,8.0908,FCC+IM
-8.4238,0.1091,8.0169,FCC+IM
-8.3072,0.1088,8.0233,IM
-9.6859,0.1121,7.9465,FCC+IM
-14.88,0.1234,7.6,IM
-6.9206,0.1123,7.5283,FCC+BCC+IM
-6.7543,0.106,7.9412,FCC
-13.1004,0.1223,7.0619,BCC+BCC
-15.4444,0.1266,6.5,BCC+BCC
-12.154,0.1177,7.7957,FCC+Laves
-5.6,0.1749,8.6,FCC
-6.1111,0.1958,8.8333,FCC
-14.4,0.1545,7.6,IM
-12.25,0.13,7.625,FCC+√è∆í
-15.6111,0.1382,7.75,FCC+IM
-10.7438,0.1219,8.0909,FCC
-16.32,0.1415,7.4,FCC
-8.8913,0.1174,7.9535,FCC+HCP+L12
-11.5556,0.1267,7.7778,IM
-8.96,0.1151,7.6,IM
-2.88,0.2327,7.8,IM
-9.28,0.2551,7.2,IM
-22.72,0.2142,7.4,IM
-18.72,0.1454,6.8,IM
1.76,0.1348,9,FCC
5.0197,0.0313,9.4726,FCC
5.0387,0.0317,9.4455,FCC+IM
5.048,0.0319,9.4321,FCC+IM
5.0661,0.0323,9.4054,FCC+IM
5.0922,0.0328,9.3659,FCC+IM
5.1701,0.0346,9.2381,FCC+IM
5.3333,0.0384,8.8889,FCC+IM
-11.04,0.1388,8.4,FCC
-2.24,0.1037,8.6,FCC
-23.52,0.2586,6.4,AM
-4,0.1948,8,FCC+D85
-10.1587,0.1297,7.9048,FCC+IM
-9.8347,0.1443,7.8182,FCC+IM
-9.5274,0.1551,7.7391,FCC+IM
-9.2361,0.1634,7.6667,FCC+IM
-9.0828,0.1667,7.6923,FCC+IM
-9.1632,0.1636,7.7778,FCC+IM
-9.2092,0.1607,7.8571,FCC+IM
-9.2271,0.158,7.931,FCC+IM
-9.2222,0.1554,8,FCC+IM
-8.96,0.1699,7.6,FCC+IM
-15.9093,0.1189,8.2381,IM
-21.21,0.1517,6.95,IM
-20.5481,0.1493,7.1625,IM
-9.1632,0.1636,7.7778,FCC+IM
-9.5274,0.1551,7.7391,FCC+IM
-8.9444,0.1883,8.1667,FCC+Co7Mo6
-8.3012,0.2078,7.9697,FCC+Co7Mo6
3.875,0.126,8.875,2FCC
4.6875,0.1455,8.5,BCC+2FCC
2.6122,0.1287,8,BCC+2FCC
0.0988,0.1424,8.1111,2FCC
3.25,0.1351,8.625,BCC+2FCC
4.5,0.1471,8.25,BCC+FCC
2.72,0.1418,8.4,FCC+BCC
4.64,0.1612,8.2,FCC
-14.4,0.2173,7.8,BCC
-5.1358,0.2627,7.2222,IM
-4,0.145,4.6,BCC+IM
-7.2593,0.1288,7,BCC+IM
-11.287,0.125,6.4615,BCC
-3.68,0.112,4.8,IM
-4.64,0.1179,4.8,BCC+IM
-15.84,0.248,6.2,AM
-7.52,0.2331,9.2,IM
-21.28,0.2222,6.8,AM
1.76,0.1348,9,FCC
-1.701,0.1104,8.5556,FCC
-5.2169,0.1214,8.0847,FCC+BCC
-8.0473,0.1289,7.6154,FCC+BCC
-0.4898,0.1548,8.4286,FCC
-16.8852,0.2142,7.77,AM
-16.32,0.1415,7.4,FCC+BCC+Co2Ti
-5.28,0.1115,8.2,FCC+BCC
-8.96,0.1434,7.8,FCC+IM
-4.16,0.1384,8,FCC
-5.7778,0.123,8,FCC+BCC
0.1183,0.104,8.7692,FCC
-3.2653,0.1155,8.3571,FCC
-4.6136,0.1196,8.1724,SS
-13.28,0.1488,7,FCC+BCC+IM
-24.0699,0.076,6.95,BCC
-15.4872,0.0834,7.21,BCC
0,0.058,3,HCP
0,0.0591,3,HCP
-0.25,0.259,4.5,BCC+IM
-1.6,0.3096,4.6,BCC
-1.6,0.3096,4.6,BCC
-1.92,0.3112,4.6,BCC
-24.1975,0.1715,4.4444,BCC+IM
1.875,0.1117,4.25,BCC
2.72,0.1183,4.4,BCC
0.16,0.1381,4.4,BCC+IM
0,0.048,3,HCP
-32.31,0.3315,4.45,AM
-13.24,0.2981,4.3,AM
-5.5057,0.1297,7.186,FCC+BCC
-4.64,0.3434,5.4,BCC
-1.2547,0.1973,4.6047,BCC
-1.7778,0.2281,4.6667,BCC
-2.2091,0.2506,4.7234,BCC
-3.1043,0.2916,4.8679,BCC
-3.3058,0.2999,4.9091,BCC
-3.4718,0.3066,4.9474,BCC
-3.6667,0.3143,5,BCC
-2.6021,0.2979,4.7647,BCC
-2.6667,0.2895,4.7778,BCC
-2.7036,0.2819,4.7895,BCC
-2.72,0.2748,4.8,BCC
-2.7107,0.2621,4.8182,BCC
-2.6667,0.251,4.8333,BCC
-2.5306,0.2324,4.8571,BCC
-2.5306,0.2324,4.8571,2BCC
-2.72,0.2748,4.8,BCC
-4.8,0.3957,5.2,IM
-9.28,0.2074,4.4,IM
-3.68,0.3202,5,BCC+HCP
-22.5536,0.3404,5.06,AM
-22.12,0.3382,5,AM
-25.2352,0.3438,5.18,AM
-26.3568,0.3456,5.24,AM
-27.37,0.3278,4.75,AM
-9.12,0.1429,7.4,FCC+IM
-7.9935,0.1096,7.8,FCC
-4.1536,0.1273,8.093,FCC
-3.9024,0.109,8.1951,FCC
-43.254,0.2471,6.65,AM
-42.8112,0.248,6.72,AM
-27.8392,0.1341,8.43,AM
-13.12,0.2558,4.2,AM
-4.8166,0.0502,4.6471,BCC
-8.3951,0.0496,4.5556,BCC
-29.8816,0.1862,6.82,AM
-20.9923,0.1818,6.6762,AM
-30.24,0.2241,6.2,AM
-27.36,0.2655,6.6,AM
-2.6021,0.2979,4.7647,BCC
-2.6667,0.2895,4.7778,BCC
-2.7036,0.2819,4.7895,BCC
-2.7107,0.2621,4.8182,BCC
-2.6667,0.251,4.8333,BCC
-2.5306,0.2324,4.8571,BCC
-25.8764,0.1755,4.62,AM
-28.2612,0.1833,4.75,AM
0,0.056,3,HCP
-23.52,0.2586,6.4,AM
-15.84,0.248,6.2,AM
-33.612,0.2509,5.784,AM
-34.9055,0.2531,5.785,AM
-48.6432,0.1951,4.38,AM
-35.7916,0.2581,6.029,AM
-32.88,0.2537,5.9,AM
-35.1966,0.2197,5.025,AM
-35.148,0.2195,5.025,AM
-36.1403,0.2174,4.9125,AM
-37.068,0.2148,4.8,AM
-37.9968,0.2119,4.6875,AM
-38.9218,0.2088,4.575,AM
-30.6216,0.2487,5.68,AM
-38.982,0.209,4.575,AM
-33.2217,0.2235,5.2467,AM
-34.2663,0.2218,5.1377,AM
-2.2222,0.1289,8.3333,2FCC+B2
-6.4444,0.3028,8.3333,FCC+L10
-11.1322,0.1537,7.7955,IM
-17.9925,0.2022,7.25,IM
-15.3479,0.1603,7.1373,BCC+IM
-18.1361,0.1898,7.0769,BCC+IM
-20.7049,0.2134,7.0189,BCC+IM
-23.0727,0.2331,6.963,BCC+IM
-25.2562,0.2499,6.9091,BCC+IM
-39.6686,0.342,6.4615,BCC+IM
-33.8889,0.308,6.6667,BCC+IM
-10.1389,0.1253,7.1667,SS
-11.5976,0.1281,6.8462,SS
-7.92,0.1224,7.4,SS
-7.8333,0.1178,7.6667,SS
-7.6686,0.1153,7.7692,SS
-7.0313,0.1082,8,SS
-7.2533,0.1105,7.9333,SS
-8.32,0.1186,7.7,SS
-7.5556,0.1205,7.4167,SS
-7.1953,0.12,7.3077,SS
-7.1389,0.1156,7.5833,SS
-7.28,0.1195,7.3,SS
-8.449,0.1175,8.0714,SS
-5.5537,0.124,7.8182,SS
-0.71,0.1032,8.4,FCC
-2.8212,0.1058,8.2083,FCC+L12
0.1566,0.1037,8.4717,FCC
-4.6,0.1112,8,2FCC
-5.1944,0.1085,8.3333,FCC+L12
-1.5207,0.1093,8.2727,FCC
-8.47,0.1169,7.6,BCC+FCC
-3.6147,0.1158,8,FCC+BCC
-6.2383,0.1229,7.6032,FCC+BCC
-9.5308,0.1247,7.1148,BCC+B2+Unk
-7.0533,0.1249,7.4615,FCC+BCC
-8.0796,0.1273,7.2647,FCC+BCC
-9.3751,0.1298,6.9726,FCC+BCC
-9.7778,0.1305,6.8667,FCC+BCC
-10.2827,0.1312,6.7179,BCC
-8.6531,0.1284,7.1429,BCC
-10.5625,0.1315,6.625,BCC
-4.4959,0.1217,7.7273,BCC+FCC+B2
-5.0248,0.1165,8,BCC+FCC+B2
-9.941,0.1205,7.381,BCC
-8.92,0.1253,7.5,BCC+FCC
-6.4852,0.1115,7.6154,FCC+B2
-7.9339,0.1202,7.5455,BCC+B2
-8.2778,0.1198,7.75,BCC+FCC
-8.426,0.1189,7.9231,BCC+FCC
-8.3911,0.116,8.2,IM
-4.7778,0.1191,7.8333,FCC+BCC
-3.9008,0.1193,7.6364,BCC+FCC+B2
-12.8889,0.147,6.6667,IM
-16.6667,0.151,7.1667,BCC
-4.3841,0.1384,7.9801,FCC
-4.4947,0.1385,7.9702,FCC
-4.6044,0.1385,7.9603,FCC
-5.0344,0.1386,7.9213,FCC
-5.1397,0.1387,7.9116,BCC+FCC+B2
-5.2441,0.1387,7.902,FCC
-5.3477,0.1387,7.8924,BCC+FCC+B2
-5.4504,0.1388,7.8828,BCC+FCC+B2
-5.6534,0.1388,7.8638,BCC+FCC+B2
-5.7536,0.1388,7.8544,BCC+FCC+B2
-5.853,0.1389,7.845,BCC+B2
-6.0494,0.1389,7.8263,BCC+B2
-6.1464,0.1389,7.817,BCC+B2
-6.2426,0.139,7.8077,FCC
-6.712,0.1391,7.7619,BCC+B2
-7.8468,0.1392,7.6468,FCC
-8.2524,0.1393,7.6041,FCC+BCC
-8.718,0.1393,7.5537,FCC+BCC
-9.2335,0.1394,7.4964,FCC+BCC
-9.6529,0.1394,7.4484,FCC+BCC
-10.0526,0.1393,7.4014,FCC+BCC
-10.4953,0.1393,7.3478,FCC+BCC
-10.8555,0.1393,7.3029,FCC+BCC
-11.2546,0.1392,7.2517,FCC+BCC
-11.6319,0.1391,7.2017,FCC+BCC
-13.0304,0.1386,7,BCC
-7.2624,0.1187,7.8409,FCC
-8.68,0.1526,7.5,FCC+IM
-13.1944,0.1622,6.75,BCC+IM
-14.2959,0.1635,6.4615,BCC
-11.72,0.1652,6.9,BCC+IM
-11.0833,0.1533,7.25,BCC+IM
-10.6982,0.1482,7.3846,FCC+BCC+IM
-12.08,0.1589,7.2,IM
-10.8333,0.158,7,IM
-10.2722,0.1563,6.9231,IM
-12.56,0.1666,7,BCC+IM
-12.3183,0.165,7.0196,BCC+IM
-10.5,0.1523,7.1667,BCC+IM
-9.7041,0.1464,7.2308,BCC+IM
-12.1338,0.1306,7.1765,BCC
-11.9527,0.1392,7.1538,BCC+IM
-11.7764,0.1466,7.1321,BCC+IM
-11.6049,0.1532,7.1111,BCC+IM
-11.438,0.159,7.0909,BCC+IM
-11.08,0.1636,6.8,BCC+IM
-11.5278,0.1546,7.3333,FCC+BCC+IM
-11.4556,0.1504,7.5385,FCC+BCC+IM
-13.318,0.1219,7.1569,BCC
-14.6576,0.1236,7.0952,BCC+IM
-16.5289,0.1258,7,BCC+IM
-18.0265,0.1274,6.913,BCC+IM
-26.6939,0.1284,6.1429,IM
-27.3333,0.1191,6.6667,BCC+IM
-16.3905,0.1205,7.0769,BCC
-19.8354,0.1203,6.963,BCC
-22.7551,0.12,6.8571,BCC
-25.2319,0.1196,6.7586,BCC+IM
-14.3545,0.1274,8.098,FCC+L12
-13.9748,0.1224,8.07,FCC+B2+L12
-16.9615,0.1395,7.5968,FCC+IM
-12.4038,0.1251,7.9123,FCC
-8.9256,0.1134,7.7955,FCC
-12.7778,0.1222,7.4167,IM
-19.5702,0.142,7,BCC+IM
-15.52,0.1316,7.3,IM
-15.072,0.1295,7.28,2FCC+D022
-22.7219,0.14,6.3846,BCC
-22.534,0.1446,7.36,IM
-23.3469,0.1384,6.1429,BCC
-4.7271,0.1003,8.1728,IM
-17.1667,0.1326,7.0833,BCC+FCC
-16.426,0.1309,7.2308,BCC+FCC
-15.04,0.1269,7.4667,BCC+FCC
-21.5556,0.1414,6.6667,BCC+IM
-17.9174,0.1338,6.9091,BCC
-23.9053,0.1457,6.4615,BCC+IM
-25.3878,0.1481,6.2857,IM
-27.5556,0.2,6.6667,AM
-21.4876,0.1726,6.9091,IM
-13.2222,0.1321,7.6667,IM
-11.3333,0.2752,7.3333,IM
-20.4444,0.1054,7.5,FCC+BCC
-10.1102,0.1344,6.9545,IM
-16.8889,0.1474,7.5,FCC+BCC
-23.8889,0.211,7.5,FCC+BCC+IM
-17.8889,0.152,8.1667,BCC+2FCC
-4.5549,0.1925,7.9487,IM
-1.7435,0.143,7.9206,SS
-3.3056,0.1388,7.6825,SS
-4.2328,0.1471,7.6032,SS
-5.1111,0.1426,7.5,BCC
-0.2706,0.1426,8.0943,BCC+2FCC
-1.9174,0.1429,7.9091,2BCC+FCC
-3.9715,0.1428,7.6552,2BCC+FCC
-15.405,0.1491,7.0909,FCC+B2
-12.2604,0.1409,6.9231,FCC+B2
-11.102,0.1371,6.8571,FCC+B2
-9.3125,0.1303,6.75,FCC+B2
-13.6667,0.1448,7,BCC+IM
-18.843,0.1328,6.2727,IM
-16.1111,0.2573,4.6667,AM
-16.3333,0.1098,4.5,IM
-31.3333,0.1898,5.6667,BCC
-3.9872,0.1204,4.3208,BCC
-6.3296,0.1158,4.32,BCC
-7.6694,0.1213,4.2727,BCC
-11.5539,0.1221,4.2174,BCC
-16.84,0.2176,4.3,BCC+B2
-16.84,0.2176,4.3,BCC
-4.864,0.1066,4.34,BCC
-8.6176,0.0997,4.3,BCC
-24.8889,0.2047,6,AM
-7.9662,0.1749,7.9216,IM
-13.1338,0.2147,7.8095,IM
-10.6365,0.2987,4.4878,IM
1.4444,0.1358,8.5,FCC
-6.7539,0.1332,8.1379,SS+IM
-8.4444,0.1388,8,FCC
-3.7025,0.1224,8.3636,FCC
-6.7539,0.1332,8.1379,FCC+IM
-15.6444,0.1586,7.2,IM
-14.4444,0.2065,8,IM
-15.1667,0.1556,7.3333,BCC+FCC
-7.5556,0.1361,7.5,BCC+FCC
-5.2971,0.1381,7.8571,FCC
-6.2149,0.1376,7.7273,FCC
-6.9565,0.1369,7.6087,FCC+IM
-7.5556,0.1361,7.5,FCC+IM
-10.6441,0.1294,8.0536,FCC
-10.25,0.1519,7.9167,FCC+√è∆í
-9.9622,0.1634,7.8254,FCC+√è∆í
-16.5289,0.1258,7,BCC+Laves
-18.0265,0.1274,6.913,BCC+Laves
1.7723,0.1349,8.9702,FCC
1.7802,0.135,8.9505,FCC+IM
1.7918,0.135,8.9213,FCC+IM
1.7993,0.135,8.902,FCC+IM
1.7993,0.135,8.902,FCC+IM
1.8343,0.1352,8.8077,FCC+IM
1.8343,0.1352,8.8077,FCC+IM
-13.375,0.1488,7.675,IM
-18.5785,0.192,6.3636,IM
-18.5089,0.1799,6,IM
-17.8133,0.1697,5.7333,IM
-18.2041,0.1746,5.8571,IM
-20.7407,0.1958,6.2963,IM
-19.6491,0.1905,6.2281,IM
-17.7778,0.1812,6.1111,IM
-16.9697,0.1771,6.0606,IM
-15.3425,0.1684,5.9589,IM
-14.7368,0.165,5.9211,IM
-16,0.1719,6,IM
-14,0.1608,5.875,IM
-18.6667,0.1857,6.1667,IM
-16.0494,0.1657,6.4074,IM
-17.5439,0.1773,6.2807,IM
-19.5011,0.1919,6.0635,IM
-20.1102,0.1965,5.9697,IM
-20.6531,0.2008,5.8571,IM
-20.9045,0.203,5.7808,IM
-21.0526,0.2046,5.7105,IM
-21.125,0.2058,5.625,IM
-30.5556,0.2383,6,IM
-20.8889,0.1893,6.1667,IM
-4.92,0.2198,4.9,BCC+IM
-4.92,0.2198,4.9,IM
-18.7778,0.2113,7,NA
-3.5278,0.1019,8,FCC
-2.8367,0.0945,8,FCC
-2.5778,0.0914,8,FCC
-27.7096,0.1745,6.83,AM
-24.1064,0.2067,6.78,AM
-19.7778,0.2687,6.1667,BCC+IM
-6.4723,0.2614,4.4878,BCC+IM
-17.2201,0.2652,4.4651,BCC+IM
-26.0741,0.2678,4.4444,BCC+IM
-33.3907,0.2695,4.4255,BCC+IM
-39.4502,0.2704,4.4082,BCC+IM
1.5601,0.1895,4.4762,BCC
0.595,0.2322,4.5455,BCC
-0.2117,0.2621,4.6087,BCC
-0.8889,0.2844,4.6667,BCC
-10.6365,0.2987,4.4878,BCC+IM
-28.5776,0.3568,4.4651,BCC+IM
-21.7521,0.1787,4.3636,BCC+IM
-7.35,0.2499,4.325,AM
-12,0.1406,7.5,SS+IM
-15.8255,0.1283,8.404,FCC+L12
-14.2669,0.1251,8.313,FCC+L12
-31.0927,0.1557,8.1789,AM
-43.7285,0.2497,6.6533,AM
-28.9532,0.1485,8.23,AM
-12.152,0.2612,4.09,AM
-10.6,0.3057,4.1,AM
-13.1111,0.3495,5.3333,AM
-14.0408,0.1548,7.4286,SS+IM
-13.4444,0.1518,7.3333,SS+IM
-21.198,0.1952,6.51,AM
-25.9576,0.1863,6.83,AM
-34.1111,0.2424,6,SS+IM
-4.0012,0.1151,8.0877,NA
-8.0086,0.1235,7.7541,NA
-11.0296,0.1291,7.4615,NA
-5.6327,0.1404,7.7143,FCC+BCC+IM
-4.4745,0.1334,7.7742000000000004,BCC+FCC
-4.1992,0.1448,7.7188,NA
-3.9486,0.154,7.6667,NA
-3.7197,0.1615,7.6176,NA
-3.5102,0.1678,7.5714,NA
-4.9349,0.1003,8.3077,IM
-13.5444,0.1174,7.3846,IM
-22.5799,0.1176,7,AM
-18.8571,0.1158,7.2857,BCC+FCC
-12.8937,0.1448,7.5075,SS+IM
-16.6044,0.1536,7.1333,SS+IM
-9.0884,0.1283,7.8571,FCC
-7.281,0.1274,8,FCC
-10.843,0.1309,7.6364,FCC+BCC
-11.5976,0.1414,7.6154,FCC+BCC+IM
-4.149,0.1188,8.1228,FCC
-6.4234,0.1262,7.9831,FCC
-8.3956,0.1323,7.8525,FCC+BCC
-10.1083,0.1373,7.7302,FCC+BCC
-12.8937,0.1448,7.5075,FCC+BCC+IM
-14.0223,0.1476,7.4058,FCC+BCC+IM
-15.005,0.15,7.3099,FCC+BCC+IM
-15.8604,0.152,7.2192,FCC+BCC+IM
-16.6044,0.1536,7.1333,FCC+BCC+IM
-14.3884,0.133,7.2727,FCC+BCC
-15.5009,0.1341,7.087,2BCC
-13.4167,0.1341,7.25,2BCC
-13.7959,0.1426,7.2857,FCC+BCC
-5.2544,0.1208,7.7692,BCC+FCC+
-2.4992,0.1127,8.1579,FCC
-3.3439,0.1154,8.0508,FCC+BCC
-4.0742,0.1176,7.9508,FCC+BCC+IM
-4.7065,0.1194,7.8571,FCC+BCC+IM
-5.2544,0.1208,7.7692,FCC+BCC+IM
-5.7296,0.1219,7.6866,BCC
-6.1416,0.1228,7.6087,BCC
-6.4987,0.1235,7.5352,BCC
-6.808,0.1241,7.4658,BCC
-7.0756,0.1245,7.4,BCC+FCC
-7.0756,0.1245,7.4,BCC
-7.7551,0.125,7.4286,FCC+BCC
-19.3469,0.2322,6.5714,IM
-18.3195,0.2025,6.8462,IM
-18.9965,0.222,6.6765,IM
-15.9585,0.147,7.2747,IM
-10.4297,0.1357,7.2188,IM
-16.2645,0.1381,6.6364,BCC
-15.96,0.1426,6.8,BCC
-10.15,0.1332,6.95,IM
-34.1056,0.1361,6.16,IM
-21.9592,0.1993,7.1429,IM
-31.4286,0.1945,6.1429,BCC
-20.1633,0.2066,7.2857,NA
-21.7959,0.254,6.5714,NA
-30.8779,0.2256,6.884,IM
-17.1834,0.1425,7,AM
-27.3092,0.2059,6.87,AM
-35.0204,0.1426,6.2857,SS
-24.8508,0.1856,6.3868,AM
-13.9375,0.1403,7,FCC+BCC
-26.75,0.182,6.125,NA
-31.1936,0.2242,6.814,IM
-32.1875,0.2407,4.5,AM
-8.125,0.1486,7.5,FCC+BCC+IM
-16.75,0.1942,7.125,NA
-18.75,0.2397,6.5,NA
-8.125,0.1486,7.5,SS+IM
-8.8464,0.1483,7.4308,BCC+FCC
-9.5207,0.148,7.3636,BCC
-11.4813,0.1468,7.1522,BCC+D022+IM
-8.8456,0.1483,7.4308,FCC+BCC
-9.5207,0.148,7.3636,BCC
-11.4675,0.1468,7.1538,BCC+IM
-17.8333,0.1354,6,IM
-11.2099,0.1857,6.8889,SS
-5.9334,0.1104,8.382,IM
-15.44,0.1424,6.6,SS
-18.3265,0.1289,5.5714,SS+IM
-12.7407,0.1458,7,SS
-25.1524,0.1809,6.5789,IM
-29.8699,0.2251,6.861,IM
